迭代：1，类型：定向，适应值：(8900.8117,)，车辆：12，距离：1817.406，满意度：74.87
迭代：2，类型：定向，适应值：(8900.8117,)，车辆：12，距离：1817.406，满意度：74.87
迭代：3，类型：定向，适应值：(8900.8117,)，车辆：12，距离：1817.406，满意度：74.87
迭代：4，类型：定向，适应值：(8900.8117,)，车辆：12，距离：1817.406，满意度：74.87
迭代：5，类型：定向，适应值：(8795.7244,)，车辆：13，距离：2027.862，满意度：77.6
迭代：6，类型：定向，适应值：(8666.4419,)，车辆：13，距离：2123.221，满意度：79.2
迭代：7，类型：定向，适应值：(8666.4419,)，车辆：13，距离：2123.221，满意度：79.2
迭代：8，类型：定向，适应值：(8666.4419,)，车辆：13，距离：2123.221，满意度：79.2
迭代：9，类型：定向，适应值：(8424.6622,)，车辆：14，距离：2205.331，满意度：81.33
迭代：10，类型：定向，适应值：(7692.8873,)，车辆：13，距离：1989.444，满意度：82.73
迭代：11，类型：定向，适应值：(7692.8873,)，车辆：13，距离：1989.444，满意度：82.73
迭代：12，类型：定向，适应值：(7692.8873,)，车辆：13，距离：1989.444，满意度：82.73
迭代：13，类型：定向，适应值：(7692.8873,)，车辆：13，距离：1989.444，满意度：82.73
迭代：14，类型：定向，适应值：(7692.8873,)，车辆：13，距离：1989.444，满意度：82.73
迭代：15，类型：定向，适应值：(7692.8873,)，车辆：13，距离：1989.444，满意度：82.73
迭代：16，类型：定向，适应值：(7692.8873,)，车辆：13，距离：1989.444，满意度：82.73
迭代：17，类型：定向，适应值：(7692.8873,)，车辆：13，距离：1989.444，满意度：82.73
迭代：18，类型：定向，适应值：(7692.8873,)，车辆：13，距离：1989.444，满意度：82.73
迭代：19，类型：定向，适应值：(7692.8873,)，车辆：13，距离：1989.444，满意度：82.73
迭代：20，类型：定向，适应值：(7692.8873,)，车辆：13，距离：1989.444，满意度：82.73
迭代：21，类型：定向，适应值：(7692.8873,)，车辆：13，距离：1989.444，满意度：82.73
迭代：22，类型：定向，适应值：(7692.8873,)，车辆：13，距离：1989.444，满意度：82.73
迭代：23，类型：定向，适应值：(7692.8873,)，车辆：13，距离：1989.444，满意度：82.73
迭代：24，类型：定向，适应值：(7692.8873,)，车辆：13，距离：1989.444，满意度：82.73
迭代：25，类型：定向，适应值：(7692.8873,)，车辆：13，距离：1989.444，满意度：82.73
迭代：26，类型：定向，适应值：(7692.8873,)，车辆：13，距离：1989.444，满意度：82.73
迭代：27，类型：定向，适应值：(7692.8873,)，车辆：13，距离：1989.444，满意度：82.73
迭代：28，类型：定向，适应值：(7692.8873,)，车辆：13，距离：1989.444，满意度：82.73
迭代：29，类型：定向，适应值：(7601.6264,)，车辆：14，距离：2387.813，满意度：87.27
迭代：30，类型：定向，适应值：(7586.2018,)，车辆：14，距离：2373.101，满意度：87.2
迭代：31，类型：定向，适应值：(7586.2018,)，车辆：14，距离：2373.101，满意度：87.2
迭代：32，类型：定向，适应值：(7545.2538,)，车辆：14，距离：2392.627，满意度：87.6
迭代：33，类型：定向，适应值：(7477.406,)，车辆：14，距离：2325.703，满意度：87.27
迭代：34，类型：定向，适应值：(7298.7079,)，车辆：14，距离：2422.354，满意度：89.13
迭代：35，类型：定向，适应值：(7257.76,)，车辆：14，距离：2441.88，满意度：89.53
迭代：36，类型：定向，适应值：(7257.76,)，车辆：14，距离：2441.88，满意度：89.53
迭代：37，类型：定向，适应值：(7256.9534,)，车辆：14，距离：2421.477，满意度：89.33
迭代：38，类型：定向，适应值：(7174.4875,)，车辆：14，距离：2360.244，满意度：89.13
迭代：39，类型：定向，适应值：(7174.4875,)，车辆：14，距离：2360.244，满意度：89.13
迭代：40，类型：定向，适应值：(7155.3805,)，车辆：14，距离：2450.69，满意度：90.13
迭代：41，类型：定向，适应值：(7094.7085,)，车辆：14，距离：2434.354，满意度：90.27
迭代：42，类型：定向，适应值：(7094.7085,)，车辆：14，距离：2434.354，满意度：90.27
迭代：43，类型：定向，适应值：(7072.4487,)，车辆：14，距离：2396.224，满意度：90.0
迭代：44，类型：定向，适应值：(7049.1606,)，车辆：14，距离：2431.58，满意度：90.47
迭代：45，类型：定向，适应值：(7047.057,)，车辆：14，距离：2410.529，满意度：90.27
迭代：46，类型：定向，适应值：(6930.3354,)，车辆：14，距离：2418.168，满意度：90.93
迭代：47，类型：定向，适应值：(6930.3354,)，车辆：14，距离：2418.168，满意度：90.93
迭代：48，类型：定向，适应值：(6814.1793,)，车辆：14，距离：2427.09，满意度：91.6
迭代：49，类型：定向，适应值：(6814.1793,)，车辆：14，距离：2427.09，满意度：91.6
迭代：50，类型：定向，适应值：(6690.4422,)，车辆：14，距离：2432.221，满意度：92.27
迭代：51，类型：定向，适应值：(6540.1862,)，车辆：14，距离：2390.093，满意度：92.6
迭代：52，类型：定向，适应值：(6540.1862,)，车辆：14，距离：2390.093，满意度：92.6
迭代：53，类型：定向，适应值：(6494.6383,)，车辆：14，距离：2387.319，满意度：92.8
迭代：54，类型：定向，适应值：(6488.346,)，车辆：14，距离：2391.173，满意度：92.87
迭代：55，类型：定向，适应值：(6427.2932,)，车辆：13，距离：2310.647，满意度：92.27
迭代：56，类型：定向，适应值：(6404.4206,)，车辆：14，距离：2349.21，满意度：92.87
迭代：57，类型：定向，适应值：(6342.525,)，车辆：13，距离：2314.262，满意度：92.73
迭代：58，类型：定向，适应值：(6342.525,)，车辆：13，距离：2314.262，满意度：92.73
迭代：59，类型：定向，适应值：(6342.525,)，车辆：13，距离：2314.262，满意度：92.73
迭代：60，类型：定向，适应值：(6255.2107,)，车辆：14，距离：2380.605，满意度：93.93
迭代：61，类型：定向，适应值：(6255.2107,)，车辆：14，距离：2380.605，满意度：93.93
迭代：62，类型：定向，适应值：(6255.2107,)，车辆：14，距离：2380.605，满意度：93.93
迭代：63，类型：定向，适应值：(6255.2107,)，车辆：14，距离：2380.605，满意度：93.93
迭代：64，类型：定向，适应值：(6255.2107,)，车辆：14，距离：2380.605，满意度：93.93
迭代：65，类型：定向，适应值：(6255.2107,)，车辆：14，距离：2380.605，满意度：93.93
迭代：66，类型：定向，适应值：(6255.2107,)，车辆：14，距离：2380.605，满意度：93.93
迭代：67，类型：定向，适应值：(6229.1915,)，车辆：13，距离：2257.596，满意度：92.73
迭代：68，类型：定向，适应值：(6229.1915,)，车辆：13，距离：2257.596，满意度：92.73
迭代：69，类型：定向，适应值：(6073.8142,)，车辆：14，距离：2356.907，满意度：94.6
迭代：70，类型：定向，适应值：(6073.8142,)，车辆：14，距离：2356.907，满意度：94.6
迭代：71，类型：定向，适应值：(6073.8142,)，车辆：14，距离：2356.907，满意度：94.6
迭代：72，类型：定向，适应值：(6073.8142,)，车辆：14，距离：2356.907，满意度：94.6
迭代：73，类型：定向，适应值：(6038.934,)，车辆：13，距离：2276.467，满意度：93.87
迭代：74，类型：定向，适应值：(6038.934,)，车辆：13，距离：2276.467，满意度：93.87
迭代：75，类型：定向，适应值：(6038.934,)，车辆：13，距离：2276.467，满意度：93.87
迭代：76，类型：定向，适应值：(6038.934,)，车辆：13，距离：2276.467，满意度：93.87
迭代：77，类型：定向，适应值：(5995.8852,)，车辆：13，距离：2254.943，满意度：93.87
迭代：78，类型：定向，适应值：(5995.8852,)，车辆：13，距离：2254.943，满意度：93.87
迭代：79，类型：定向，适应值：(5995.8852,)，车辆：13，距离：2254.943，满意度：93.87
迭代：80，类型：定向，适应值：(5995.8852,)，车辆：13，距离：2254.943，满意度：93.87
迭代：81，类型：定向，适应值：(5995.8852,)，车辆：13，距离：2254.943，满意度：93.87
迭代：82，类型：定向，适应值：(5959.5712,)，车辆：13，距离：2269.786，满意度：94.2
迭代：83，类型：定向，适应值：(5959.5712,)，车辆：13，距离：2269.786，满意度：94.2
迭代：84，类型：定向，适应值：(5802.6264,)，车辆：13，距离：2264.313，满意度：94.93
迭代：85，类型：定向，适应值：(5745.6242,)，车辆：13，距离：2242.812，满意度：95.0
迭代：86，类型：定向，适应值：(5745.6242,)，车辆：13，距离：2242.812，满意度：95.0
迭代：87，类型：定向，适应值：(5745.6242,)，车辆：13，距离：2242.812，满意度：95.0
迭代：88，类型：定向，适应值：(5745.6242,)，车辆：13，距离：2242.812，满意度：95.0
迭代：89，类型：定向，适应值：(5745.6242,)，车辆：13，距离：2242.812，满意度：95.0
迭代：90，类型：定向，适应值：(5709.9727,)，车辆：13，距离：2257.986，满意度：95.33
迭代：91，类型：定向，适应值：(5709.9727,)，车辆：13，距离：2257.986，满意度：95.33
迭代：92，类型：定向，适应值：(5709.7167,)，车辆：13，距离：2257.858，满意度：95.33
迭代：93，类型：定向，适应值：(5652.9705,)，车辆：13，距离：2236.485，满意度：95.4
迭代：94，类型：定向，适应值：(5652.9705,)，车辆：13，距离：2236.485，满意度：95.4
迭代：95，类型：定向，适应值：(5639.295,)，车辆：13，距离：2229.647，满意度：95.4
迭代：96，类型：定向，适应值：(5597.8538,)，车辆：13，距离：2235.927，满意度：95.67
迭代：97，类型：定向，适应值：(5597.8538,)，车辆：13，距离：2235.927，满意度：95.67
迭代：98，类型：定向，适应值：(5597.8538,)，车辆：13，距离：2235.927，满意度：95.67
迭代：99，类型：定向，适应值：(5584.1783,)，车辆：13，距离：2229.089，满意度：95.67
迭代：100，类型：定向，适应值：(5584.1783,)，车辆：13，距离：2229.089，满意度：95.67
迭代：101，类型：定向，适应值：(5584.1783,)，车辆：13，距离：2229.089，满意度：95.67
迭代：102，类型：定向，适应值：(5537.5242,)，车辆：13，距离：2211.762，满意度：95.73
迭代：103，类型：定向，适应值：(5537.5242,)，车辆：13，距离：2211.762，满意度：95.73
迭代：104，类型：定向，适应值：(5537.5242,)，车辆：13，距离：2211.762，满意度：95.73
迭代：105，类型：定向，适应值：(5537.5242,)，车辆：13，距离：2211.762，满意度：95.73
迭代：106，类型：定向，适应值：(5537.5242,)，车辆：13，距离：2211.762，满意度：95.73
迭代：107，类型：定向，适应值：(5537.5242,)，车辆：13，距离：2211.762，满意度：95.73
迭代：108，类型：定向，适应值：(5537.5242,)，车辆：13，距离：2211.762，满意度：95.73
迭代：109，类型：定向，适应值：(5531.8634,)，车辆：13，距离：2208.932，满意度：95.73
迭代：110，类型：定向，适应值：(5531.8634,)，车辆：13，距离：2208.932，满意度：95.73
迭代：111，类型：定向，适应值：(5531.8634,)，车辆：13，距离：2208.932，满意度：95.73
迭代：112，类型：定向，适应值：(5527.8423,)，车辆：13，距离：2206.921，满意度：95.73
迭代：113，类型：定向，适应值：(5527.8423,)，车辆：13，距离：2206.921，满意度：95.73
迭代：114，类型：定向，适应值：(5527.8423,)，车辆：13，距离：2206.921，满意度：95.73
迭代：115，类型：定向，适应值：(5525.4304,)，车辆：13，距离：2205.715，满意度：95.73
迭代：116，类型：定向，适应值：(5525.4304,)，车辆：13，距离：2205.715，满意度：95.73
迭代：117，类型：定向，适应值：(5525.4304,)，车辆：13，距离：2205.715，满意度：95.73
迭代：118，类型：定向，适应值：(5525.4304,)，车辆：13，距离：2205.715，满意度：95.73
迭代：119，类型：定向，适应值：(5519.2883,)，车辆：13，距离：2202.644，满意度：95.73
迭代：120，类型：定向，适应值：(5519.2883,)，车辆：13，距离：2202.644，满意度：95.73
迭代：121，类型：定向，适应值：(5519.2883,)，车辆：13，距离：2202.644，满意度：95.73
迭代：122，类型：定向，适应值：(5510.649,)，车辆：13，距离：2198.325，满意度：95.73
迭代：123，类型：定向，适应值：(5510.649,)，车辆：13，距离：2198.325，满意度：95.73
迭代：124，类型：定向，适应值：(5510.649,)，车辆：13，距离：2198.325，满意度：95.73
迭代：125，类型：定向，适应值：(5509.6712,)，车辆：13，距离：2191.836，满意度：95.67
迭代：126，类型：定向，适应值：(5509.1829,)，车辆：13，距离：2191.591，满意度：95.67
迭代：127，类型：定向，适应值：(5499.7569,)，车辆：13，距离：2186.878，满意度：95.67
迭代：128，类型：定向，适应值：(5499.7569,)，车辆：13，距离：2186.878，满意度：95.67
迭代：129，类型：定向，适应值：(5499.7569,)，车辆：13，距离：2186.878，满意度：95.67
迭代：130，类型：定向，适应值：(5499.7569,)，车辆：13，距离：2186.878，满意度：95.67
迭代：131，类型：定向，适应值：(5494.8898,)，车辆：13，距离：2184.445，满意度：95.67
迭代：132，类型：定向，适应值：(5494.8898,)，车辆：13，距离：2184.445，满意度：95.67
迭代：133，类型：定向，适应值：(5482.5366,)，车辆：13，距离：2178.268，满意度：95.67
迭代：134，类型：定向，适应值：(5478.5004,)，车辆：13，距离：2176.25，满意度：95.67
迭代：135，类型：定向，适应值：(5477.6694,)，车辆：13，距离：2175.835，满意度：95.67
迭代：136，类型：定向，适应值：(5477.6694,)，车辆：13，距离：2175.835，满意度：95.67
迭代：137，类型：定向，适应值：(5461.28,)，车辆：13，距离：2167.64，满意度：95.67
迭代：138，类型：定向，适应值：(5461.28,)，车辆：13，距离：2167.64，满意度：95.67
迭代：139，类型：定向，适应值：(5461.28,)，车辆：13，距离：2167.64，满意度：95.67
迭代：140，类型：定向，适应值：(5461.28,)，车辆：13，距离：2167.64，满意度：95.67
迭代：141，类型：定向，适应值：(5461.28,)，车辆：13，距离：2167.64，满意度：95.67
迭代：142，类型：定向，适应值：(5449.4122,)，车辆：13，距离：2161.706，满意度：95.67
迭代：143，类型：定向，适应值：(5449.4122,)，车辆：13，距离：2161.706，满意度：95.67
迭代：144，类型：定向，适应值：(5449.4122,)，车辆：13，距离：2161.706，满意度：95.67
迭代：145，类型：定向，适应值：(5449.4122,)，车辆：13，距离：2161.706，满意度：95.67
迭代：146，类型：定向，适应值：(5449.4122,)，车辆：13，距离：2161.706，满意度：95.67
迭代：147，类型：定向，适应值：(5449.1321,)，车辆：13，距离：2161.566，满意度：95.67
迭代：148，类型：定向，适应值：(5449.1321,)，车辆：13，距离：2161.566，满意度：95.67
迭代：149，类型：定向，适应值：(5438.2644,)，车辆：13，距离：2162.132，满意度：95.73
迭代：150，类型：定向，适应值：(5438.2644,)，车辆：13，距离：2162.132，满意度：95.73
迭代：151，类型：定向，适应值：(5437.9844,)，车辆：13，距离：2161.992，满意度：95.73
迭代：152，类型：定向，适应值：(5437.9844,)，车辆：13，距离：2161.992，满意度：95.73
迭代：153，类型：定向，适应值：(5437.9844,)，车辆：13，距离：2161.992，满意度：95.73
迭代：154，类型：定向，适应值：(5437.9844,)，车辆：13，距离：2161.992，满意度：95.73
迭代：155，类型：定向，适应值：(5437.9844,)，车辆：13，距离：2161.992，满意度：95.73
迭代：156，类型：定向，适应值：(5437.9844,)，车辆：13，距离：2161.992，满意度：95.73
迭代：157，类型：定向，适应值：(5437.9844,)，车辆：13，距离：2161.992，满意度：95.73
迭代：158，类型：定向，适应值：(5434.7547,)，车辆：13，距离：2160.377，满意度：95.73
迭代：159，类型：定向，适应值：(5434.7547,)，车辆：13，距离：2160.377，满意度：95.73
迭代：160，类型：定向，适应值：(5434.7547,)，车辆：13，距离：2160.377，满意度：95.73
迭代：161，类型：定向，适应值：(5434.7547,)，车辆：13，距离：2160.377，满意度：95.73
迭代：162，类型：定向，适应值：(5434.7547,)，车辆：13，距离：2160.377，满意度：95.73
迭代：163，类型：定向，适应值：(5434.7547,)，车辆：13，距离：2160.377，满意度：95.73
迭代：164，类型：定向，适应值：(5434.7547,)，车辆：13，距离：2160.377，满意度：95.73
迭代：165，类型：定向，适应值：(5434.7547,)，车辆：13，距离：2160.377，满意度：95.73
迭代：166，类型：定向，适应值：(5434.7547,)，车辆：13，距离：2160.377，满意度：95.73
迭代：167，类型：定向，适应值：(5434.7547,)，车辆：13，距离：2160.377，满意度：95.73
迭代：168，类型：定向，适应值：(5426.2886,)，车辆：13，距离：2156.144，满意度：95.73
迭代：169，类型：定向，适应值：(5426.2886,)，车辆：13，距离：2156.144，满意度：95.73
迭代：170，类型：定向，适应值：(5419.6481,)，车辆：13，距离：2152.824，满意度：95.73
迭代：171，类型：定向，适应值：(5419.6481,)，车辆：13，距离：2152.824，满意度：95.73
迭代：172，类型：定向，适应值：(5396.825,)，车辆：13，距离：2141.413，满意度：95.73
迭代：173，类型：定向，适应值：(5396.825,)，车辆：13，距离：2141.413，满意度：95.73
迭代：174，类型：定向，适应值：(5396.825,)，车辆：13，距离：2141.413，满意度：95.73
迭代：175，类型：定向，适应值：(5396.825,)，车辆：13，距离：2141.413，满意度：95.73
迭代：176，类型：定向，适应值：(5381.7184,)，车辆：13，距离：2133.859，满意度：95.73
迭代：177，类型：定向，适应值：(5381.7184,)，车辆：13，距离：2133.859，满意度：95.73
迭代：178，类型：定向，适应值：(5381.7184,)，车辆：13，距离：2133.859，满意度：95.73
迭代：179，类型：定向，适应值：(5374.1158,)，车辆：13，距离：2130.058，满意度：95.73
迭代：180，类型：定向，适应值：(5374.1158,)，车辆：13，距离：2130.058，满意度：95.73
迭代：181，类型：定向，适应值：(5364.7146,)，车辆：13，距离：2119.357，满意度：95.67
迭代：182，类型：定向，适应值：(5362.7843,)，车辆：13，距离：2124.392，满意度：95.73
迭代：183，类型：定向，适应值：(5358.7416,)，车辆：13，距离：2122.371，满意度：95.73
迭代：184，类型：定向，适应值：(5358.7416,)，车辆：13，距离：2122.371，满意度：95.73
迭代：185，类型：定向，适应值：(5354.4035,)，车辆：13，距离：2120.202，满意度：95.73
迭代：186，类型：定向，适应值：(5354.4035,)，车辆：13，距离：2120.202，满意度：95.73
迭代：187，类型：定向，适应值：(5354.4035,)，车辆：13，距离：2120.202，满意度：95.73
迭代：188，类型：定向，适应值：(5354.4035,)，车辆：13，距离：2120.202，满意度：95.73
迭代：189，类型：定向，适应值：(5354.4035,)，车辆：13，距离：2120.202，满意度：95.73
迭代：190，类型：定向，适应值：(5342.0417,)，车辆：13，距离：2114.021，满意度：95.73
迭代：191，类型：定向，适应值：(5342.0417,)，车辆：13，距离：2114.021，满意度：95.73
迭代：192，类型：定向，适应值：(5342.0417,)，车辆：13，距离：2114.021，满意度：95.73
迭代：193，类型：定向，适应值：(5342.0417,)，车辆：13，距离：2114.021，满意度：95.73
迭代：194，类型：定向，适应值：(5342.0417,)，车辆：13，距离：2114.021，满意度：95.73
迭代：195，类型：定向，适应值：(5338.3253,)，车辆：13，距离：2112.163，满意度：95.73
迭代：196，类型：定向，适应值：(5325.9334,)，车辆：13，距离：2105.967，满意度：95.73
迭代：197，类型：定向，适应值：(5306.4374,)，车辆：13，距离：2096.219，满意度：95.73
迭代：198，类型：定向，适应值：(5306.4374,)，车辆：13，距离：2096.219，满意度：95.73
迭代：199，类型：定向，适应值：(5306.4374,)，车辆：13，距离：2096.219，满意度：95.73
迭代：200，类型：定向，适应值：(5306.4374,)，车辆：13，距离：2096.219，满意度：95.73
迭代：201，类型：定向，适应值：(5290.3291,)，车辆：13，距离：2088.165，满意度：95.73
迭代：202，类型：定向，适应值：(5249.3946,)，车辆：13，距离：2067.697，满意度：95.73
迭代：203，类型：定向，适应值：(5249.3946,)，车辆：13，距离：2067.697，满意度：95.73
迭代：204，类型：定向，适应值：(5249.3946,)，车辆：13，距离：2067.697，满意度：95.73
迭代：205，类型：定向，适应值：(5249.3946,)，车辆：13，距离：2067.697，满意度：95.73
迭代：206，类型：定向，适应值：(5249.3946,)，车辆：13，距离：2067.697，满意度：95.73
迭代：207，类型：定向，适应值：(5249.0254,)，车辆：13，距离：2067.513，满意度：95.73
迭代：208，类型：定向，适应值：(5244.0817,)，车辆：13，距离：2065.041，满意度：95.73
迭代：209，类型：定向，适应值：(5243.6303,)，车辆：13，距离：2064.815，满意度：95.73
迭代：210，类型：定向，适应值：(5243.6303,)，车辆：13，距离：2064.815，满意度：95.73
迭代：211，类型：定向，适应值：(5243.6303,)，车辆：13，距离：2064.815，满意度：95.73
迭代：212，类型：定向，适应值：(5243.6303,)，车辆：13，距离：2064.815，满意度：95.73
迭代：213，类型：定向，适应值：(5243.6303,)，车辆：13，距离：2064.815，满意度：95.73
迭代：214，类型：定向，适应值：(5243.6303,)，车辆：13，距离：2064.815，满意度：95.73
迭代：215，类型：定向，适应值：(5243.6303,)，车辆：13，距离：2064.815，满意度：95.73
迭代：216，类型：定向，适应值：(5243.6303,)，车辆：13，距离：2064.815，满意度：95.73
迭代：217，类型：定向，适应值：(5243.6303,)，车辆：13，距离：2064.815，满意度：95.73
迭代：218，类型：定向，适应值：(5243.6303,)，车辆：13，距离：2064.815，满意度：95.73
迭代：219，类型：定向，适应值：(5243.6303,)，车辆：13，距离：2064.815，满意度：95.73
迭代：220，类型：定向，适应值：(5243.6303,)，车辆：13，距离：2064.815，满意度：95.73
迭代：221，类型：定向，适应值：(5243.6303,)，车辆：13，距离：2064.815，满意度：95.73
迭代：222，类型：定向，适应值：(5243.6303,)，车辆：13，距离：2064.815，满意度：95.73
迭代：223，类型：定向，适应值：(5243.6303,)，车辆：13，距离：2064.815，满意度：95.73
迭代：224，类型：定向，适应值：(5243.6303,)，车辆：13，距离：2064.815，满意度：95.73
迭代：225，类型：定向，适应值：(5236.9159,)，车辆：13，距离：2061.458，满意度：95.73
迭代：226，类型：定向，适应值：(5236.9159,)，车辆：13，距离：2061.458，满意度：95.73
迭代：227，类型：定向，适应值：(5236.9159,)，车辆：13，距离：2061.458，满意度：95.73
迭代：228，类型：定向，适应值：(5236.9159,)，车辆：13，距离：2061.458，满意度：95.73
迭代：229，类型：定向，适应值：(5236.9159,)，车辆：13，距离：2061.458，满意度：95.73
迭代：230，类型：定向，适应值：(5236.9159,)，车辆：13，距离：2061.458，满意度：95.73
迭代：231，类型：定向，适应值：(5236.9159,)，车辆：13，距离：2061.458，满意度：95.73
迭代：232，类型：定向，适应值：(5236.9159,)，车辆：13，距离：2061.458，满意度：95.73
迭代：233，类型：定向，适应值：(5236.9159,)，车辆：13，距离：2061.458，满意度：95.73
迭代：234，类型：定向，适应值：(5236.9159,)，车辆：13，距离：2061.458，满意度：95.73
迭代：235，类型：定向，适应值：(5236.9159,)，车辆：13，距离：2061.458，满意度：95.73
迭代：236，类型：定向，适应值：(5236.7363,)，车辆：13，距离：2061.368，满意度：95.73
迭代：237，类型：定向，适应值：(5231.804,)，车辆：13，距离：2058.902，满意度：95.73
迭代：238，类型：定向，适应值：(5231.804,)，车辆：13，距离：2058.902，满意度：95.73
迭代：239，类型：定向，适应值：(5231.804,)，车辆：13，距离：2058.902，满意度：95.73
迭代：240，类型：定向，适应值：(5231.804,)，车辆：13，距离：2058.902，满意度：95.73
迭代：241，类型：定向，适应值：(5229.2677,)，车辆：13，距离：2057.634，满意度：95.73
迭代：242，类型：定向，适应值：(5229.2677,)，车辆：13，距离：2057.634，满意度：95.73
迭代：243，类型：定向，适应值：(5229.2677,)，车辆：13，距离：2057.634，满意度：95.73
迭代：244，类型：定向，适应值：(5229.2677,)，车辆：13，距离：2057.634，满意度：95.73
迭代：245，类型：定向，适应值：(5229.2677,)，车辆：13，距离：2057.634，满意度：95.73
迭代：246，类型：定向，适应值：(5229.2677,)，车辆：13，距离：2057.634，满意度：95.73
迭代：247，类型：定向，适应值：(5229.2677,)，车辆：13，距离：2057.634，满意度：95.73
迭代：248，类型：定向，适应值：(5229.2677,)，车辆：13，距离：2057.634，满意度：95.73
迭代：249，类型：定向，适应值：(5229.2677,)，车辆：13，距离：2057.634，满意度：95.73
迭代：250，类型：定向，适应值：(5229.2677,)，车辆：13，距离：2057.634，满意度：95.73
迭代：251，类型：定向，适应值：(5222.4337,)，车辆：13，距离：2054.217，满意度：95.73
迭代：252，类型：定向，适应值：(5222.4337,)，车辆：13，距离：2054.217，满意度：95.73
迭代：253，类型：定向，适应值：(5222.4337,)，车辆：13，距离：2054.217，满意度：95.73
迭代：254，类型：定向，适应值：(5222.4337,)，车辆：13，距离：2054.217，满意度：95.73
迭代：255，类型：定向，适应值：(5222.4337,)，车辆：13，距离：2054.217，满意度：95.73
迭代：256，类型：定向，适应值：(5222.4337,)，车辆：13，距离：2054.217，满意度：95.73
迭代：257，类型：定向，适应值：(5222.4337,)，车辆：13，距离：2054.217，满意度：95.73
迭代：258，类型：定向，适应值：(5222.4337,)，车辆：13，距离：2054.217，满意度：95.73
迭代：259，类型：定向，适应值：(5222.4337,)，车辆：13，距离：2054.217，满意度：95.73
迭代：260，类型：定向，适应值：(5222.4337,)，车辆：13，距离：2054.217，满意度：95.73
迭代：261，类型：定向，适应值：(5222.4337,)，车辆：13，距离：2054.217，满意度：95.73
迭代：262，类型：定向，适应值：(5222.4337,)，车辆：13，距离：2054.217，满意度：95.73
迭代：263，类型：定向，适应值：(5222.4337,)，车辆：13，距离：2054.217，满意度：95.73
迭代：264，类型：定向，适应值：(5222.4337,)，车辆：13，距离：2054.217，满意度：95.73
迭代：265，类型：定向，适应值：(5222.4337,)，车辆：13，距离：2054.217，满意度：95.73
迭代：266，类型：定向，适应值：(5222.4337,)，车辆：13，距离：2054.217，满意度：95.73
迭代：267，类型：定向，适应值：(5222.4337,)，车辆：13，距离：2054.217，满意度：95.73
迭代：268，类型：定向，适应值：(5222.4337,)，车辆：13，距离：2054.217，满意度：95.73
迭代：269，类型：定向，适应值：(5222.4337,)，车辆：13，距离：2054.217，满意度：95.73
迭代：270，类型：定向，适应值：(5139.811,)，车辆：13，距离：2212.906，满意度：97.73
迭代：271，类型：定向，适应值：(5139.811,)，车辆：13，距离：2212.906，满意度：97.73
迭代：272，类型：定向，适应值：(5139.811,)，车辆：13，距离：2212.906，满意度：97.73
迭代：273，类型：定向，适应值：(5139.811,)，车辆：13，距离：2212.906，满意度：97.73
迭代：274，类型：定向，适应值：(5125.9826,)，车辆：13，距离：2205.991，满意度：97.73
迭代：275，类型：定向，适应值：(5004.6556,)，车辆：13，距离：2145.328，满意度：97.73
迭代：276，类型：定向，适应值：(4994.3974,)，车辆：13，距离：2140.199，满意度：97.73
迭代：277，类型：定向，适应值：(4994.3974,)，车辆：13，距离：2140.199，满意度：97.73
迭代：278，类型：定向，适应值：(4994.3974,)，车辆：13，距离：2140.199，满意度：97.73
迭代：279，类型：定向，适应值：(4982.7135,)，车辆：13，距离：2134.357，满意度：97.73
迭代：280，类型：定向，适应值：(4982.7135,)，车辆：13，距离：2134.357，满意度：97.73
迭代：281，类型：定向，适应值：(4982.7135,)，车辆：13，距离：2134.357，满意度：97.73
迭代：282，类型：定向，适应值：(4982.7135,)，车辆：13，距离：2134.357，满意度：97.73
迭代：283，类型：定向，适应值：(4982.7135,)，车辆：13，距离：2134.357，满意度：97.73
迭代：284，类型：定向，适应值：(4982.7135,)，车辆：13，距离：2134.357，满意度：97.73
迭代：285，类型：定向，适应值：(4982.7135,)，车辆：13，距离：2134.357，满意度：97.73
迭代：286，类型：定向，适应值：(4982.7135,)，车辆：13，距离：2134.357，满意度：97.73
迭代：287，类型：定向，适应值：(4937.9413,)，车辆：13，距离：2111.971，满意度：97.73
迭代：288，类型：定向，适应值：(4937.9413,)，车辆：13，距离：2111.971，满意度：97.73
迭代：289，类型：定向，适应值：(4937.9413,)，车辆：13，距离：2111.971，满意度：97.73
迭代：290，类型：定向，适应值：(4928.2788,)，车辆：13，距离：2107.139，满意度：97.73
迭代：291，类型：定向，适应值：(4928.2788,)，车辆：13，距离：2107.139，满意度：97.73
迭代：292，类型：定向，适应值：(4928.2788,)，车辆：13，距离：2107.139，满意度：97.73
迭代：293，类型：定向，适应值：(4928.2788,)，车辆：13，距离：2107.139，满意度：97.73
迭代：294，类型：定向，适应值：(4928.2788,)，车辆：13，距离：2107.139，满意度：97.73
迭代：295，类型：定向，适应值：(4924.4223,)，车辆：13，距离：2105.211，满意度：97.73
迭代：296，类型：定向，适应值：(4924.4223,)，车辆：13，距离：2105.211，满意度：97.73
迭代：297，类型：定向，适应值：(4924.4223,)，车辆：13，距离：2105.211，满意度：97.73
迭代：298，类型：定向，适应值：(4924.4223,)，车辆：13，距离：2105.211，满意度：97.73
迭代：299，类型：定向，适应值：(4923.2447,)，车辆：13，距离：2104.622，满意度：97.73
迭代：300，类型：定向，适应值：(4923.2447,)，车辆：13，距离：2104.622，满意度：97.73
迭代：301，类型：定向，适应值：(4923.2447,)，车辆：13，距离：2104.622，满意度：97.73
迭代：302，类型：定向，适应值：(4923.2447,)，车辆：13，距离：2104.622，满意度：97.73
迭代：303，类型：定向，适应值：(4923.2447,)，车辆：13，距离：2104.622，满意度：97.73
迭代：304，类型：定向，适应值：(4919.2005,)，车辆：13，距离：2102.6，满意度：97.73
迭代：305，类型：定向，适应值：(4919.2005,)，车辆：13，距离：2102.6，满意度：97.73
迭代：306，类型：定向，适应值：(4919.2005,)，车辆：13，距离：2102.6，满意度：97.73
迭代：307，类型：定向，适应值：(4919.2005,)，车辆：13，距离：2102.6，满意度：97.73
迭代：308，类型：定向，适应值：(4870.4509,)，车辆：13，距离：2078.225，满意度：97.73
迭代：309，类型：定向，适应值：(4855.3729,)，车辆：13，距离：2070.686，满意度：97.73
迭代：310，类型：定向，适应值：(4855.3729,)，车辆：13，距离：2070.686，满意度：97.73
迭代：311，类型：定向，适应值：(4855.3729,)，车辆：13，距离：2070.686，满意度：97.73
迭代：312，类型：定向，适应值：(4855.3729,)，车辆：13，距离：2070.686，满意度：97.73
迭代：313，类型：定向，适应值：(4855.3729,)，车辆：13，距离：2070.686，满意度：97.73
迭代：314，类型：定向，适应值：(4855.3729,)，车辆：13，距离：2070.686，满意度：97.73
迭代：315，类型：定向，适应值：(4855.3729,)，车辆：13，距离：2070.686，满意度：97.73
迭代：316，类型：定向，适应值：(4855.3729,)，车辆：13，距离：2070.686，满意度：97.73
迭代：317，类型：定向，适应值：(4845.1889,)，车辆：13，距离：2065.594，满意度：97.73
迭代：318，类型：定向，适应值：(4845.1889,)，车辆：13，距离：2065.594，满意度：97.73
迭代：319，类型：定向，适应值：(4845.1889,)，车辆：13，距离：2065.594，满意度：97.73
迭代：320，类型：定向，适应值：(4845.1889,)，车辆：13，距离：2065.594，满意度：97.73
迭代：321，类型：定向，适应值：(4845.1889,)，车辆：13，距离：2065.594，满意度：97.73
迭代：322，类型：定向，适应值：(4845.1889,)，车辆：13，距离：2065.594，满意度：97.73
迭代：323，类型：定向，适应值：(4845.1889,)，车辆：13，距离：2065.594，满意度：97.73
迭代：324，类型：定向，适应值：(4845.1889,)，车辆：13，距离：2065.594，满意度：97.73
迭代：325，类型：定向，适应值：(4845.1889,)，车辆：13，距离：2065.594，满意度：97.73
迭代：326，类型：定向，适应值：(4845.1889,)，车辆：13，距离：2065.594，满意度：97.73
迭代：327，类型：定向，适应值：(4845.1889,)，车辆：13，距离：2065.594，满意度：97.73
迭代：328，类型：定向，适应值：(4845.1889,)，车辆：13，距离：2065.594，满意度：97.73
迭代：329，类型：定向，适应值：(4845.1889,)，车辆：13，距离：2065.594，满意度：97.73
迭代：330，类型：定向，适应值：(4845.1889,)，车辆：13，距离：2065.594，满意度：97.73
迭代：331，类型：定向，适应值：(4845.1889,)，车辆：13，距离：2065.594，满意度：97.73
迭代：332，类型：定向，适应值：(4845.1889,)，车辆：13，距离：2065.594，满意度：97.73
迭代：333，类型：定向，适应值：(4845.1889,)，车辆：13，距离：2065.594，满意度：97.73
迭代：334，类型：定向，适应值：(4844.8403,)，车辆：13，距离：2065.42，满意度：97.73
迭代：335，类型：定向，适应值：(4844.8403,)，车辆：13，距离：2065.42，满意度：97.73
迭代：336，类型：定向，适应值：(4844.8403,)，车辆：13，距离：2065.42，满意度：97.73
迭代：337，类型：定向，适应值：(4844.8403,)，车辆：13，距离：2065.42，满意度：97.73
迭代：338，类型：定向，适应值：(4839.7696,)，车辆：13，距离：2062.885，满意度：97.73
迭代：339，类型：定向，适应值：(4829.319,)，车辆：13，距离：2057.66，满意度：97.73
迭代：340，类型：定向，适应值：(4829.319,)，车辆：13，距离：2057.66，满意度：97.73
迭代：341，类型：定向，适应值：(4829.319,)，车辆：13，距离：2057.66，满意度：97.73
迭代：342，类型：定向，适应值：(4829.319,)，车辆：13，距离：2057.66，满意度：97.73
迭代：343，类型：定向，适应值：(4829.319,)，车辆：13，距离：2057.66，满意度：97.73
迭代：344，类型：定向，适应值：(4823.8998,)，车辆：13，距离：2054.95，满意度：97.73
迭代：345，类型：定向，适应值：(4823.8998,)，车辆：13，距离：2054.95，满意度：97.73
迭代：346，类型：定向，适应值：(4823.8998,)，车辆：13，距离：2054.95，满意度：97.73
迭代：347，类型：定向，适应值：(4823.8998,)，车辆：13，距离：2054.95，满意度：97.73
迭代：348，类型：定向，适应值：(4822.3676,)，车辆：13，距离：2054.184，满意度：97.73
迭代：349，类型：定向，适应值：(4822.3676,)，车辆：13，距离：2054.184，满意度：97.73
迭代：350，类型：定向，适应值：(4822.3676,)，车辆：13，距离：2054.184，满意度：97.73
迭代：351，类型：定向，适应值：(4822.3676,)，车辆：13，距离：2054.184，满意度：97.73
迭代：352，类型：定向，适应值：(4822.3676,)，车辆：13，距离：2054.184，满意度：97.73
迭代：353，类型：定向，适应值：(4822.3676,)，车辆：13，距离：2054.184，满意度：97.73
迭代：354，类型：定向，适应值：(4822.3676,)，车辆：13，距离：2054.184，满意度：97.73
迭代：355，类型：定向，适应值：(4822.3676,)，车辆：13，距离：2054.184，满意度：97.73
迭代：356，类型：定向，适应值：(4822.3676,)，车辆：13，距离：2054.184，满意度：97.73
迭代：357，类型：定向，适应值：(4822.3676,)，车辆：13，距离：2054.184，满意度：97.73
迭代：358，类型：定向，适应值：(4819.2129,)，车辆：13，距离：2052.606，满意度：97.73
迭代：359，类型：定向，适应值：(4819.2129,)，车辆：13，距离：2052.606，满意度：97.73
迭代：360，类型：定向，适应值：(4819.2129,)，车辆：13，距离：2052.606，满意度：97.73
迭代：361，类型：定向，适应值：(4819.2129,)，车辆：13，距离：2052.606，满意度：97.73
迭代：362，类型：定向，适应值：(4813.6504,)，车辆：13，距离：2049.825，满意度：97.73
迭代：363，类型：定向，适应值：(4813.6504,)，车辆：13，距离：2049.825，满意度：97.73
迭代：364，类型：定向，适应值：(4813.6504,)，车辆：13，距离：2049.825，满意度：97.73
迭代：365，类型：定向，适应值：(4813.6504,)，车辆：13，距离：2049.825，满意度：97.73
迭代：366，类型：定向，适应值：(4813.6504,)，车辆：13，距离：2049.825，满意度：97.73
迭代：367，类型：定向，适应值：(4813.6504,)，车辆：13，距离：2049.825，满意度：97.73
迭代：368，类型：定向，适应值：(4813.6504,)，车辆：13，距离：2049.825，满意度：97.73
迭代：369，类型：定向，适应值：(4813.6504,)，车辆：13，距离：2049.825，满意度：97.73
迭代：370，类型：定向，适应值：(4813.6504,)，车辆：13，距离：2049.825，满意度：97.73
迭代：371，类型：定向，适应值：(4813.6504,)，车辆：13，距离：2049.825，满意度：97.73
迭代：372，类型：定向，适应值：(4813.6504,)，车辆：13，距离：2049.825，满意度：97.73
迭代：373，类型：定向，适应值：(4810.4956,)，车辆：13，距离：2048.248，满意度：97.73
迭代：374，类型：定向，适应值：(4810.4956,)，车辆：13，距离：2048.248，满意度：97.73
迭代：375，类型：定向，适应值：(4808.073,)，车辆：13，距离：2047.037，满意度：97.73
迭代：376，类型：定向，适应值：(4808.073,)，车辆：13，距离：2047.037，满意度：97.73
迭代：377，类型：定向，适应值：(4802.1722,)，车辆：13，距离：2044.086，满意度：97.73
迭代：378，类型：定向，适应值：(4802.1722,)，车辆：13，距离：2044.086，满意度：97.73
迭代：379，类型：定向，适应值：(4796.5949,)，车辆：13，距离：2041.297，满意度：97.73
迭代：380，类型：定向，适应值：(4796.5949,)，车辆：13，距离：2041.297，满意度：97.73
迭代：381，类型：定向，适应值：(4796.5949,)，车辆：13，距离：2041.297，满意度：97.73
迭代：382，类型：定向，适应值：(4796.5949,)，车辆：13，距离：2041.297，满意度：97.73
迭代：383，类型：定向，适应值：(4793.4401,)，车辆：13，距离：2039.72，满意度：97.73
迭代：384，类型：定向，适应值：(4793.4401,)，车辆：13，距离：2039.72，满意度：97.73
迭代：385，类型：定向，适应值：(4793.4401,)，车辆：13，距离：2039.72，满意度：97.73
迭代：386，类型：定向，适应值：(4793.4401,)，车辆：13，距离：2039.72，满意度：97.73
迭代：387，类型：定向，适应值：(4793.4401,)，车辆：13，距离：2039.72，满意度：97.73
迭代：388，类型：定向，适应值：(4793.4401,)，车辆：13，距离：2039.72，满意度：97.73
迭代：389，类型：定向，适应值：(4793.4401,)，车辆：13，距离：2039.72，满意度：97.73
迭代：390，类型：定向，适应值：(4784.8419,)，车辆：13，距离：2035.421，满意度：97.73
迭代：391，类型：定向，适应值：(4784.8419,)，车辆：13，距离：2035.421，满意度：97.73
迭代：392，类型：定向，适应值：(4784.8419,)，车辆：13，距离：2035.421，满意度：97.73
迭代：393，类型：定向，适应值：(4784.8419,)，车辆：13，距离：2035.421，满意度：97.73
迭代：394，类型：定向，适应值：(4784.8419,)，车辆：13，距离：2035.421，满意度：97.73
迭代：395，类型：定向，适应值：(4784.8419,)，车辆：13，距离：2035.421，满意度：97.73
迭代：396，类型：定向，适应值：(4784.8419,)，车辆：13，距离：2035.421，满意度：97.73
迭代：397，类型：定向，适应值：(4784.8419,)，车辆：13，距离：2035.421，满意度：97.73
迭代：398，类型：定向，适应值：(4768.4665,)，车辆：13，距离：2027.233，满意度：97.73
迭代：399，类型：定向，适应值：(4768.4665,)，车辆：13，距离：2027.233，满意度：97.73
迭代：400，类型：定向，适应值：(4768.4665,)，车辆：13，距离：2027.233，满意度：97.73
迭代：401，类型：定向，适应值：(4768.4665,)，车辆：13，距离：2027.233，满意度：97.73
迭代：402，类型：定向，适应值：(4768.4665,)，车辆：13，距离：2027.233，满意度：97.73
迭代：403，类型：定向，适应值：(4768.4665,)，车辆：13，距离：2027.233，满意度：97.73
迭代：404，类型：定向，适应值：(4768.4665,)，车辆：13，距离：2027.233，满意度：97.73
迭代：405，类型：定向，适应值：(4768.4665,)，车辆：13，距离：2027.233，满意度：97.73
迭代：406，类型：定向，适应值：(4766.9001,)，车辆：13，距离：2020.45，满意度：97.67
迭代：407，类型：定向，适应值：(4766.9001,)，车辆：13，距离：2020.45，满意度：97.67
迭代：408，类型：定向，适应值：(4766.9001,)，车辆：13，距离：2020.45，满意度：97.67
迭代：409，类型：定向，适应值：(4766.9001,)，车辆：13，距离：2020.45，满意度：97.67
迭代：410，类型：定向，适应值：(4766.9001,)，车辆：13，距离：2020.45，满意度：97.67
迭代：411，类型：定向，适应值：(4766.9001,)，车辆：13，距离：2020.45，满意度：97.67
迭代：412，类型：定向，适应值：(4766.9001,)，车辆：13，距离：2020.45，满意度：97.67
迭代：413，类型：定向，适应值：(4766.9001,)，车辆：13，距离：2020.45，满意度：97.67
迭代：414，类型：定向，适应值：(4766.9001,)，车辆：13，距离：2020.45，满意度：97.67
迭代：415，类型：定向，适应值：(4766.9001,)，车辆：13，距离：2020.45，满意度：97.67
迭代：416，类型：定向，适应值：(4766.9001,)，车辆：13，距离：2020.45，满意度：97.67
迭代：417，类型：定向，适应值：(4766.9001,)，车辆：13，距离：2020.45，满意度：97.67
迭代：418，类型：定向，适应值：(4766.9001,)，车辆：13，距离：2020.45，满意度：97.67
迭代：419，类型：定向，适应值：(4766.9001,)，车辆：13，距离：2020.45，满意度：97.67
迭代：420，类型：定向，适应值：(4766.9001,)，车辆：13，距离：2020.45，满意度：97.67
迭代：421，类型：定向，适应值：(4766.9001,)，车辆：13，距离：2020.45，满意度：97.67
迭代：422，类型：定向，适应值：(4766.9001,)，车辆：13，距离：2020.45，满意度：97.67
迭代：423，类型：定向，适应值：(4766.9001,)，车辆：13，距离：2020.45，满意度：97.67
迭代：424，类型：定向，适应值：(4766.9001,)，车辆：13，距离：2020.45，满意度：97.67
迭代：425，类型：定向，适应值：(4766.9001,)，车辆：13，距离：2020.45，满意度：97.67
迭代：426，类型：定向，适应值：(4766.9001,)，车辆：13，距离：2020.45，满意度：97.67
迭代：427，类型：定向，适应值：(4766.9001,)，车辆：13，距离：2020.45，满意度：97.67
迭代：428，类型：定向，适应值：(4766.9001,)，车辆：13，距离：2020.45，满意度：97.67
迭代：429，类型：定向，适应值：(4766.9001,)，车辆：13，距离：2020.45，满意度：97.67
迭代：430，类型：定向，适应值：(4766.9001,)，车辆：13，距离：2020.45，满意度：97.67
迭代：431，类型：定向，适应值：(4766.9001,)，车辆：13，距离：2020.45，满意度：97.67
迭代：432，类型：定向，适应值：(4766.9001,)，车辆：13，距离：2020.45，满意度：97.67
迭代：433，类型：定向，适应值：(4750.2686,)，车辆：13，距离：2012.134，满意度：97.67
迭代：434，类型：定向，适应值：(4750.2686,)，车辆：13，距离：2012.134，满意度：97.67
迭代：435，类型：定向，适应值：(4750.2686,)，车辆：13，距离：2012.134，满意度：97.67
迭代：436，类型：定向，适应值：(4750.2686,)，车辆：13，距离：2012.134，满意度：97.67
迭代：437，类型：定向，适应值：(4750.2686,)，车辆：13，距离：2012.134，满意度：97.67
迭代：438，类型：定向，适应值：(4750.2686,)，车辆：13，距离：2012.134，满意度：97.67
迭代：439，类型：定向，适应值：(4744.5859,)，车辆：13，距离：2009.293，满意度：97.67
迭代：440，类型：定向，适应值：(4744.5859,)，车辆：13，距离：2009.293，满意度：97.67
迭代：441，类型：定向，适应值：(4744.5859,)，车辆：13，距离：2009.293，满意度：97.67
迭代：442，类型：定向，适应值：(4744.5859,)，车辆：13，距离：2009.293，满意度：97.67
迭代：443，类型：定向，适应值：(4738.779,)，车辆：13，距离：2006.39，满意度：97.67
迭代：444，类型：定向，适应值：(4736.9381,)，车辆：13，距离：2005.469，满意度：97.67
迭代：445，类型：定向，适应值：(4736.9381,)，车辆：13，距离：2005.469，满意度：97.67
迭代：446，类型：定向，适应值：(4736.9381,)，车辆：13，距离：2005.469，满意度：97.67
迭代：447，类型：定向，适应值：(4736.9381,)，车辆：13，距离：2005.469，满意度：97.67
迭代：448，类型：定向，适应值：(4736.9381,)，车辆：13，距离：2005.469，满意度：97.67
迭代：449，类型：定向，适应值：(4736.9381,)，车辆：13，距离：2005.469，满意度：97.67
迭代：450，类型：定向，适应值：(4736.9381,)，车辆：13，距离：2005.469，满意度：97.67
迭代：451，类型：定向，适应值：(4736.9381,)，车辆：13，距离：2005.469，满意度：97.67
迭代：452，类型：定向，适应值：(4736.9381,)，车辆：13，距离：2005.469，满意度：97.67
迭代：453，类型：定向，适应值：(4736.9381,)，车辆：13，距离：2005.469，满意度：97.67
迭代：454，类型：定向，适应值：(4736.9381,)，车辆：13，距离：2005.469，满意度：97.67
迭代：455，类型：定向，适应值：(4736.9381,)，车辆：13，距离：2005.469，满意度：97.67
迭代：456，类型：定向，适应值：(4736.9381,)，车辆：13，距离：2005.469，满意度：97.67
迭代：457，类型：定向，适应值：(4736.9381,)，车辆：13，距离：2005.469，满意度：97.67
迭代：458，类型：定向，适应值：(4736.9381,)，车辆：13，距离：2005.469，满意度：97.67
迭代：459，类型：定向，适应值：(4736.9381,)，车辆：13，距离：2005.469，满意度：97.67
迭代：460，类型：定向，适应值：(4736.9381,)，车辆：13，距离：2005.469，满意度：97.67
迭代：461，类型：定向，适应值：(4736.9381,)，车辆：13，距离：2005.469，满意度：97.67
迭代：462，类型：定向，适应值：(4736.9381,)，车辆：13，距离：2005.469，满意度：97.67
迭代：463，类型：定向，适应值：(4736.9381,)，车辆：13，距离：2005.469，满意度：97.67
迭代：464，类型：定向，适应值：(4736.9381,)，车辆：13，距离：2005.469，满意度：97.67
迭代：465，类型：定向，适应值：(4719.6403,)，车辆：13，距离：1996.82，满意度：97.67
迭代：466，类型：定向，适应值：(4719.6403,)，车辆：13，距离：1996.82，满意度：97.67
迭代：467，类型：定向，适应值：(4719.6403,)，车辆：13，距离：1996.82，满意度：97.67
迭代：468，类型：定向，适应值：(4719.6403,)，车辆：13，距离：1996.82，满意度：97.67
迭代：469，类型：定向，适应值：(4719.6403,)，车辆：13，距离：1996.82，满意度：97.67
迭代：470，类型：定向，适应值：(4719.6403,)，车辆：13，距离：1996.82，满意度：97.67
迭代：471，类型：定向，适应值：(4717.0995,)，车辆：13，距离：1995.55，满意度：97.67
迭代：472，类型：定向，适应值：(4717.0995,)，车辆：13，距离：1995.55，满意度：97.67
迭代：473，类型：定向，适应值：(4717.0995,)，车辆：13，距离：1995.55，满意度：97.67
迭代：474，类型：定向，适应值：(4717.0995,)，车辆：13，距离：1995.55，满意度：97.67
迭代：475，类型：定向，适应值：(4717.0995,)，车辆：13，距离：1995.55，满意度：97.67
迭代：476，类型：定向，适应值：(4717.0995,)，车辆：13，距离：1995.55，满意度：97.67
迭代：477，类型：定向，适应值：(4717.0995,)，车辆：13，距离：1995.55，满意度：97.67
迭代：478，类型：定向，适应值：(4717.0995,)，车辆：13，距离：1995.55，满意度：97.67
迭代：479，类型：定向，适应值：(4717.0995,)，车辆：13，距离：1995.55，满意度：97.67
迭代：480，类型：定向，适应值：(4717.0995,)，车辆：13，距离：1995.55，满意度：97.67
迭代：481，类型：定向，适应值：(4717.0995,)，车辆：13，距离：1995.55，满意度：97.67
迭代：482，类型：定向，适应值：(4717.0995,)，车辆：13，距离：1995.55，满意度：97.67
迭代：483，类型：定向，适应值：(4682.0307,)，车辆：13，距离：1978.015，满意度：97.67
迭代：484，类型：定向，适应值：(4682.0307,)，车辆：13，距离：1978.015，满意度：97.67
迭代：485，类型：定向，适应值：(4682.0307,)，车辆：13，距离：1978.015，满意度：97.67
迭代：486，类型：定向，适应值：(4682.0307,)，车辆：13，距离：1978.015，满意度：97.67
迭代：487，类型：定向，适应值：(4682.0307,)，车辆：13，距离：1978.015，满意度：97.67
迭代：488，类型：定向，适应值：(4669.8745,)，车辆：13，距离：1971.937，满意度：97.67
迭代：489，类型：定向，适应值：(4669.8745,)，车辆：13，距离：1971.937，满意度：97.67
迭代：490，类型：定向，适应值：(4669.8745,)，车辆：13，距离：1971.937，满意度：97.67
迭代：491，类型：定向，适应值：(4669.8745,)，车辆：13，距离：1971.937，满意度：97.67
迭代：492，类型：定向，适应值：(4669.8745,)，车辆：13，距离：1971.937，满意度：97.67
迭代：493，类型：定向，适应值：(4665.1042,)，车辆：13，距离：1969.552，满意度：97.67
迭代：494，类型：定向，适应值：(4665.1042,)，车辆：13，距离：1969.552，满意度：97.67
迭代：495，类型：定向，适应值：(4665.1042,)，车辆：13，距离：1969.552，满意度：97.67
迭代：496，类型：定向，适应值：(4665.1042,)，车辆：13，距离：1969.552，满意度：97.67
迭代：497，类型：定向，适应值：(4665.1042,)，车辆：13，距离：1969.552，满意度：97.67
迭代：498，类型：定向，适应值：(4664.2427,)，车辆：13，距离：1969.121，满意度：97.67
迭代：499，类型：定向，适应值：(4664.2427,)，车辆：13，距离：1969.121，满意度：97.67
迭代：500，类型：定向，适应值：(4664.2427,)，车辆：13，距离：1969.121，满意度：97.67
迭代：501，类型：定向，适应值：(4664.2427,)，车辆：13，距离：1969.121，满意度：97.67
迭代：502，类型：定向，适应值：(4664.2427,)，车辆：13，距离：1969.121，满意度：97.67
迭代：503，类型：定向，适应值：(4664.2427,)，车辆：13，距离：1969.121，满意度：97.67
迭代：504，类型：定向，适应值：(4664.2427,)，车辆：13，距离：1969.121，满意度：97.67
迭代：505，类型：定向，适应值：(4664.2427,)，车辆：13，距离：1969.121，满意度：97.67
迭代：506，类型：定向，适应值：(4664.2427,)，车辆：13，距离：1969.121，满意度：97.67
迭代：507，类型：定向，适应值：(4664.2427,)，车辆：13，距离：1969.121，满意度：97.67
迭代：508，类型：定向，适应值：(4663.7923,)，车辆：13，距离：1968.896，满意度：97.67
迭代：509，类型：定向，适应值：(4663.7923,)，车辆：13，距离：1968.896，满意度：97.67
迭代：510，类型：定向，适应值：(4663.7923,)，车辆：13，距离：1968.896，满意度：97.67
迭代：511，类型：定向，适应值：(4663.7923,)，车辆：13，距离：1968.896，满意度：97.67
迭代：512，类型：定向，适应值：(4663.7923,)，车辆：13，距离：1968.896，满意度：97.67
迭代：513，类型：定向，适应值：(4663.7923,)，车辆：13，距离：1968.896，满意度：97.67
迭代：514，类型：定向，适应值：(4661.9093,)，车辆：13，距离：1967.955，满意度：97.67
迭代：515，类型：定向，适应值：(4661.9093,)，车辆：13，距离：1967.955，满意度：97.67
迭代：516，类型：定向，适应值：(4661.9093,)，车辆：13，距离：1967.955，满意度：97.67
迭代：517，类型：定向，适应值：(4661.9093,)，车辆：13，距离：1967.955，满意度：97.67
迭代：518，类型：定向，适应值：(4661.9093,)，车辆：13，距离：1967.955，满意度：97.67
迭代：519，类型：定向，适应值：(4661.9093,)，车辆：13，距离：1967.955，满意度：97.67
迭代：520，类型：定向，适应值：(4661.9093,)，车辆：13，距离：1967.955，满意度：97.67
迭代：521，类型：定向，适应值：(4661.9093,)，车辆：13，距离：1967.955，满意度：97.67
迭代：522，类型：定向，适应值：(4661.9093,)，车辆：13，距离：1967.955，满意度：97.67
迭代：523，类型：定向，适应值：(4661.9093,)，车辆：13，距离：1967.955，满意度：97.67
迭代：524，类型：定向，适应值：(4661.9093,)，车辆：13，距离：1967.955，满意度：97.67
迭代：525，类型：定向，适应值：(4661.9093,)，车辆：13，距离：1967.955，满意度：97.67
迭代：526，类型：定向，适应值：(4661.9093,)，车辆：13，距离：1967.955，满意度：97.67
迭代：527，类型：定向，适应值：(4661.9093,)，车辆：13，距离：1967.955，满意度：97.67
迭代：528，类型：定向，适应值：(4661.9093,)，车辆：13，距离：1967.955，满意度：97.67
迭代：529，类型：定向，适应值：(4661.9093,)，车辆：13，距离：1967.955，满意度：97.67
迭代：530，类型：定向，适应值：(4661.9093,)，车辆：13，距离：1967.955，满意度：97.67
迭代：531，类型：定向，适应值：(4661.9093,)，车辆：13，距离：1967.955，满意度：97.67
迭代：532，类型：定向，适应值：(4661.9093,)，车辆：13，距离：1967.955，满意度：97.67
迭代：533，类型：定向，适应值：(4661.9093,)，车辆：13，距离：1967.955，满意度：97.67
迭代：534，类型：定向，适应值：(4661.9093,)，车辆：13，距离：1967.955，满意度：97.67
迭代：535，类型：定向，适应值：(4661.9093,)，车辆：13，距离：1967.955，满意度：97.67
迭代：536，类型：定向，适应值：(4661.9093,)，车辆：13，距离：1967.955，满意度：97.67
迭代：537，类型：定向，适应值：(4661.9093,)，车辆：13，距离：1967.955，满意度：97.67
迭代：538，类型：定向，适应值：(4632.6372,)，车辆：13，距离：1953.319，满意度：97.67
迭代：539，类型：定向，适应值：(4632.6372,)，车辆：13，距离：1953.319，满意度：97.67
迭代：540，类型：定向，适应值：(4632.6372,)，车辆：13，距离：1953.319，满意度：97.67
迭代：541，类型：定向，适应值：(4632.6372,)，车辆：13，距离：1953.319，满意度：97.67
迭代：542，类型：定向，适应值：(4632.6372,)，车辆：13，距离：1953.319，满意度：97.67
迭代：543，类型：定向，适应值：(4626.6199,)，车辆：13，距离：1950.31，满意度：97.67
迭代：544，类型：定向，适应值：(4626.6199,)，车辆：13，距离：1950.31，满意度：97.67
迭代：545，类型：定向，适应值：(4626.6199,)，车辆：13，距离：1950.31，满意度：97.67
迭代：546，类型：定向，适应值：(4626.6199,)，车辆：13，距离：1950.31，满意度：97.67
迭代：547，类型：定向，适应值：(4626.6199,)，车辆：13，距离：1950.31，满意度：97.67
迭代：548，类型：定向，适应值：(4626.6199,)，车辆：13，距离：1950.31，满意度：97.67
迭代：549，类型：定向，适应值：(4626.6199,)，车辆：13，距离：1950.31，满意度：97.67
迭代：550，类型：定向，适应值：(4626.6199,)，车辆：13，距离：1950.31，满意度：97.67
迭代：551，类型：定向，适应值：(4626.6199,)，车辆：13，距离：1950.31，满意度：97.67
迭代：552，类型：定向，适应值：(4626.6199,)，车辆：13，距离：1950.31，满意度：97.67
迭代：553，类型：定向，适应值：(4626.6199,)，车辆：13，距离：1950.31，满意度：97.67
迭代：554，类型：定向，适应值：(4626.6199,)，车辆：13，距离：1950.31，满意度：97.67
迭代：555，类型：定向，适应值：(4626.6199,)，车辆：13，距离：1950.31，满意度：97.67
迭代：556，类型：定向，适应值：(4626.6199,)，车辆：13，距离：1950.31，满意度：97.67
迭代：557，类型：定向，适应值：(4626.6199,)，车辆：13，距离：1950.31，满意度：97.67
迭代：558，类型：定向，适应值：(4626.6199,)，车辆：13，距离：1950.31，满意度：97.67
迭代：559，类型：定向，适应值：(4626.6199,)，车辆：13，距离：1950.31，满意度：97.67
迭代：560，类型：定向，适应值：(4626.6199,)，车辆：13，距离：1950.31，满意度：97.67
迭代：561，类型：定向，适应值：(4626.6199,)，车辆：13，距离：1950.31，满意度：97.67
迭代：562，类型：定向，适应值：(4626.6199,)，车辆：13，距离：1950.31，满意度：97.67
迭代：563，类型：定向，适应值：(4626.6199,)，车辆：13，距离：1950.31，满意度：97.67
迭代：564，类型：定向，适应值：(4626.6199,)，车辆：13，距离：1950.31，满意度：97.67
迭代：565，类型：定向，适应值：(4626.6199,)，车辆：13，距离：1950.31，满意度：97.67
迭代：566，类型：定向，适应值：(4626.3963,)，车辆：13，距离：1950.198，满意度：97.67
迭代：567，类型：定向，适应值：(4626.3963,)，车辆：13，距离：1950.198，满意度：97.67
迭代：568，类型：定向，适应值：(4626.3963,)，车辆：13，距离：1950.198，满意度：97.67
迭代：569，类型：定向，适应值：(4626.3963,)，车辆：13，距离：1950.198，满意度：97.67
迭代：570，类型：定向，适应值：(4626.3963,)，车辆：13，距离：1950.198，满意度：97.67
迭代：571，类型：定向，适应值：(4626.3963,)，车辆：13，距离：1950.198，满意度：97.67
迭代：572，类型：定向，适应值：(4626.3963,)，车辆：13，距离：1950.198，满意度：97.67
迭代：573，类型：定向，适应值：(4626.3963,)，车辆：13，距离：1950.198，满意度：97.67
迭代：574，类型：定向，适应值：(4626.3963,)，车辆：13，距离：1950.198，满意度：97.67
迭代：575，类型：定向，适应值：(4626.3963,)，车辆：13，距离：1950.198，满意度：97.67
迭代：576，类型：定向，适应值：(4626.3963,)，车辆：13，距离：1950.198，满意度：97.67
迭代：577，类型：定向，适应值：(4626.3963,)，车辆：13，距离：1950.198，满意度：97.67
迭代：578，类型：定向，适应值：(4626.3963,)，车辆：13，距离：1950.198，满意度：97.67
迭代：579，类型：定向，适应值：(4626.3963,)，车辆：13，距离：1950.198，满意度：97.67
迭代：580，类型：定向，适应值：(4626.3963,)，车辆：13，距离：1950.198，满意度：97.67
迭代：581，类型：定向，适应值：(4626.3963,)，车辆：13，距离：1950.198，满意度：97.67
迭代：582，类型：定向，适应值：(4626.3963,)，车辆：13，距离：1950.198，满意度：97.67
迭代：583，类型：定向，适应值：(4626.3963,)，车辆：13，距离：1950.198，满意度：97.67
迭代：584，类型：定向，适应值：(4626.3963,)，车辆：13，距离：1950.198，满意度：97.67
迭代：585，类型：定向，适应值：(4626.3963,)，车辆：13，距离：1950.198，满意度：97.67
迭代：586，类型：定向，适应值：(4626.3963,)，车辆：13，距离：1950.198，满意度：97.67
迭代：587，类型：定向，适应值：(4626.3963,)，车辆：13，距离：1950.198，满意度：97.67
迭代：588，类型：定向，适应值：(4626.3963,)，车辆：13，距离：1950.198，满意度：97.67
迭代：589，类型：定向，适应值：(4626.3963,)，车辆：13，距离：1950.198，满意度：97.67
迭代：590，类型：定向，适应值：(4626.3963,)，车辆：13，距离：1950.198，满意度：97.67
迭代：591，类型：定向，适应值：(4626.3963,)，车辆：13，距离：1950.198，满意度：97.67
迭代：592，类型：定向，适应值：(4626.3963,)，车辆：13，距离：1950.198，满意度：97.67
迭代：593，类型：定向，适应值：(4626.3963,)，车辆：13，距离：1950.198，满意度：97.67
迭代：594，类型：定向，适应值：(4626.3963,)，车辆：13，距离：1950.198，满意度：97.67
迭代：595，类型：定向，适应值：(4626.3963,)，车辆：13，距离：1950.198，满意度：97.67
迭代：596，类型：定向，适应值：(4626.3963,)，车辆：13，距离：1950.198，满意度：97.67
迭代：597，类型：定向，适应值：(4626.3963,)，车辆：13，距离：1950.198，满意度：97.67
迭代：598，类型：定向，适应值：(4626.3963,)，车辆：13，距离：1950.198，满意度：97.67
迭代：599，类型：定向，适应值：(4626.3963,)，车辆：13，距离：1950.198，满意度：97.67
迭代：600，类型：定向，适应值：(4626.3963,)，车辆：13，距离：1950.198，满意度：97.67
迭代：601，类型：定向，适应值：(4626.3963,)，车辆：13，距离：1950.198，满意度：97.67
迭代：602，类型：定向，适应值：(4626.3963,)，车辆：13，距离：1950.198，满意度：97.67
迭代：603，类型：定向，适应值：(4622.0472,)，车辆：13，距离：1948.024，满意度：97.67
迭代：604，类型：定向，适应值：(4622.0472,)，车辆：13，距离：1948.024，满意度：97.67
迭代：605，类型：定向，适应值：(4622.0472,)，车辆：13，距离：1948.024，满意度：97.67
迭代：606，类型：定向，适应值：(4622.0472,)，车辆：13，距离：1948.024，满意度：97.67
迭代：607，类型：定向，适应值：(4622.0472,)，车辆：13，距离：1948.024，满意度：97.67
迭代：608，类型：定向，适应值：(4622.0472,)，车辆：13，距离：1948.024，满意度：97.67
迭代：609，类型：定向，适应值：(4622.0472,)，车辆：13，距离：1948.024，满意度：97.67
迭代：610，类型：定向，适应值：(4622.0472,)，车辆：13，距离：1948.024，满意度：97.67
迭代：611，类型：定向，适应值：(4622.0472,)，车辆：13，距离：1948.024，满意度：97.67
迭代：612，类型：定向，适应值：(4622.0472,)，车辆：13，距离：1948.024，满意度：97.67
迭代：613，类型：定向，适应值：(4622.0472,)，车辆：13，距离：1948.024，满意度：97.67
迭代：614，类型：定向，适应值：(4622.0472,)，车辆：13，距离：1948.024，满意度：97.67
迭代：615，类型：定向，适应值：(4622.0472,)，车辆：13，距离：1948.024，满意度：97.67
迭代：616，类型：定向，适应值：(4622.0472,)，车辆：13，距离：1948.024，满意度：97.67
迭代：617，类型：定向，适应值：(4622.0472,)，车辆：13，距离：1948.024，满意度：97.67
迭代：618，类型：定向，适应值：(4622.0472,)，车辆：13，距离：1948.024，满意度：97.67
迭代：619，类型：定向，适应值：(4622.0472,)，车辆：13，距离：1948.024，满意度：97.67
迭代：620，类型：定向，适应值：(4622.0472,)，车辆：13，距离：1948.024，满意度：97.67
迭代：621，类型：定向，适应值：(4622.0472,)，车辆：13，距离：1948.024，满意度：97.67
迭代：622，类型：定向，适应值：(4622.0472,)，车辆：13，距离：1948.024，满意度：97.67
迭代：623，类型：定向，适应值：(4622.0472,)，车辆：13，距离：1948.024，满意度：97.67
迭代：624，类型：定向，适应值：(4622.0472,)，车辆：13，距离：1948.024，满意度：97.67
迭代：625，类型：定向，适应值：(4622.0472,)，车辆：13，距离：1948.024，满意度：97.67
迭代：626，类型：定向，适应值：(4622.0472,)，车辆：13，距离：1948.024，满意度：97.67
迭代：627，类型：定向，适应值：(4622.0472,)，车辆：13，距离：1948.024，满意度：97.67
迭代：628，类型：定向，适应值：(4622.0472,)，车辆：13，距离：1948.024，满意度：97.67
迭代：629，类型：定向，适应值：(4622.0472,)，车辆：13，距离：1948.024，满意度：97.67
迭代：630，类型：定向，适应值：(4622.0472,)，车辆：13，距离：1948.024，满意度：97.67
迭代：631，类型：定向，适应值：(4622.0472,)，车辆：13，距离：1948.024，满意度：97.67
迭代：632，类型：定向，适应值：(4622.0472,)，车辆：13，距离：1948.024，满意度：97.67
迭代：633，类型：定向，适应值：(4622.0472,)，车辆：13，距离：1948.024，满意度：97.67
迭代：634，类型：定向，适应值：(4622.0472,)，车辆：13，距离：1948.024，满意度：97.67
迭代：635，类型：定向，适应值：(4622.0472,)，车辆：13，距离：1948.024，满意度：97.67
迭代：636，类型：定向，适应值：(4622.0472,)，车辆：13，距离：1948.024，满意度：97.67
迭代：637，类型：定向，适应值：(4622.0472,)，车辆：13，距离：1948.024，满意度：97.67
迭代：638，类型：定向，适应值：(4622.0472,)，车辆：13，距离：1948.024，满意度：97.67
迭代：639，类型：定向，适应值：(4622.0472,)，车辆：13，距离：1948.024，满意度：97.67
迭代：640，类型：定向，适应值：(4622.0472,)，车辆：13，距离：1948.024，满意度：97.67
迭代：641，类型：定向，适应值：(4622.0472,)，车辆：13，距离：1948.024，满意度：97.67
迭代：642，类型：定向，适应值：(4622.0472,)，车辆：13，距离：1948.024，满意度：97.67
迭代：643，类型：定向，适应值：(4622.0472,)，车辆：13，距离：1948.024，满意度：97.67
迭代：644，类型：定向，适应值：(4622.0472,)，车辆：13，距离：1948.024，满意度：97.67
迭代：645，类型：定向，适应值：(4622.0472,)，车辆：13，距离：1948.024，满意度：97.67
迭代：646，类型：定向，适应值：(4622.0472,)，车辆：13，距离：1948.024，满意度：97.67
迭代：647，类型：定向，适应值：(4620.9043,)，车辆：13，距离：1947.452，满意度：97.67
迭代：648，类型：定向，适应值：(4620.9043,)，车辆：13，距离：1947.452，满意度：97.67
迭代：649，类型：定向，适应值：(4620.9043,)，车辆：13，距离：1947.452，满意度：97.67
迭代：650，类型：定向，适应值：(4620.9043,)，车辆：13，距离：1947.452，满意度：97.67
迭代：651，类型：定向，适应值：(4620.9043,)，车辆：13，距离：1947.452，满意度：97.67
迭代：652，类型：定向，适应值：(4620.9043,)，车辆：13，距离：1947.452，满意度：97.67
迭代：653，类型：定向，适应值：(4620.9043,)，车辆：13，距离：1947.452，满意度：97.67
迭代：654，类型：定向，适应值：(4620.1548,)，车辆：13，距离：1947.077，满意度：97.67
迭代：655，类型：定向，适应值：(4620.1548,)，车辆：13，距离：1947.077，满意度：97.67
迭代：656，类型：定向，适应值：(4620.1548,)，车辆：13，距离：1947.077，满意度：97.67
迭代：657，类型：定向，适应值：(4620.1548,)，车辆：13，距离：1947.077，满意度：97.67
迭代：658，类型：定向，适应值：(4620.1548,)，车辆：13，距离：1947.077，满意度：97.67
迭代：659，类型：定向，适应值：(4620.1548,)，车辆：13，距离：1947.077，满意度：97.67
迭代：660，类型：定向，适应值：(4620.1548,)，车辆：13，距离：1947.077，满意度：97.67
迭代：661，类型：定向，适应值：(4620.1548,)，车辆：13，距离：1947.077，满意度：97.67
迭代：662，类型：定向，适应值：(4620.1548,)，车辆：13，距离：1947.077，满意度：97.67
迭代：663，类型：定向，适应值：(4620.1548,)，车辆：13，距离：1947.077，满意度：97.67
迭代：664，类型：定向，适应值：(4620.1548,)，车辆：13，距离：1947.077，满意度：97.67
迭代：665，类型：定向，适应值：(4620.1548,)，车辆：13，距离：1947.077，满意度：97.67
迭代：666，类型：定向，适应值：(4620.1548,)，车辆：13，距离：1947.077，满意度：97.67
迭代：667，类型：定向，适应值：(4620.1548,)，车辆：13，距离：1947.077，满意度：97.67
迭代：668，类型：定向，适应值：(4620.1548,)，车辆：13，距离：1947.077，满意度：97.67
迭代：669，类型：定向，适应值：(4620.1548,)，车辆：13，距离：1947.077，满意度：97.67
迭代：670，类型：定向，适应值：(4620.1548,)，车辆：13，距离：1947.077，满意度：97.67
迭代：671，类型：定向，适应值：(4620.1548,)，车辆：13，距离：1947.077，满意度：97.67
迭代：672，类型：定向，适应值：(4620.1548,)，车辆：13，距离：1947.077，满意度：97.67
迭代：673，类型：定向，适应值：(4620.1548,)，车辆：13，距离：1947.077，满意度：97.67
迭代：674，类型：定向，适应值：(4620.1548,)，车辆：13，距离：1947.077，满意度：97.67
迭代：675，类型：定向，适应值：(4620.1548,)，车辆：13，距离：1947.077，满意度：97.67
迭代：676，类型：定向，适应值：(4620.1548,)，车辆：13，距离：1947.077，满意度：97.67
迭代：677，类型：定向，适应值：(4620.1548,)，车辆：13，距离：1947.077，满意度：97.67
迭代：678，类型：定向，适应值：(4620.1548,)，车辆：13，距离：1947.077，满意度：97.67
迭代：679，类型：定向，适应值：(4620.1548,)，车辆：13，距离：1947.077，满意度：97.67
迭代：680，类型：定向，适应值：(4620.1548,)，车辆：13，距离：1947.077，满意度：97.67
迭代：681，类型：定向，适应值：(4620.1548,)，车辆：13，距离：1947.077，满意度：97.67
迭代：682，类型：定向，适应值：(4620.1548,)，车辆：13，距离：1947.077，满意度：97.67
迭代：683，类型：定向，适应值：(4620.1548,)，车辆：13，距离：1947.077，满意度：97.67
迭代：684，类型：定向，适应值：(4620.1548,)，车辆：13，距离：1947.077，满意度：97.67
迭代：685，类型：定向，适应值：(4620.1548,)，车辆：13，距离：1947.077，满意度：97.67
迭代：686，类型：定向，适应值：(4620.1548,)，车辆：13，距离：1947.077，满意度：97.67
迭代：687，类型：定向，适应值：(4620.1548,)，车辆：13，距离：1947.077，满意度：97.67
迭代：688，类型：定向，适应值：(4620.1548,)，车辆：13，距离：1947.077，满意度：97.67
迭代：689，类型：定向，适应值：(4620.1548,)，车辆：13，距离：1947.077，满意度：97.67
迭代：690，类型：定向，适应值：(4620.1548,)，车辆：13，距离：1947.077，满意度：97.67
迭代：691，类型：定向，适应值：(4620.1548,)，车辆：13，距离：1947.077，满意度：97.67
迭代：692，类型：定向，适应值：(4620.1548,)，车辆：13，距离：1947.077，满意度：97.67
迭代：693，类型：定向，适应值：(4620.1548,)，车辆：13，距离：1947.077，满意度：97.67
迭代：694，类型：定向，适应值：(4620.1548,)，车辆：13，距离：1947.077，满意度：97.67
迭代：695，类型：定向，适应值：(4620.1548,)，车辆：13，距离：1947.077，满意度：97.67
迭代：696，类型：定向，适应值：(4620.1548,)，车辆：13，距离：1947.077，满意度：97.67
迭代：697，类型：定向，适应值：(4620.1548,)，车辆：13，距离：1947.077，满意度：97.67
迭代：698，类型：定向，适应值：(4620.1548,)，车辆：13，距离：1947.077，满意度：97.67
迭代：699，类型：定向，适应值：(4620.1548,)，车辆：13，距离：1947.077，满意度：97.67
迭代：700，类型：定向，适应值：(4620.1548,)，车辆：13，距离：1947.077，满意度：97.67
迭代：701，类型：定向，适应值：(4620.1548,)，车辆：13，距离：1947.077，满意度：97.67
迭代：702，类型：定向，适应值：(4620.1548,)，车辆：13，距离：1947.077，满意度：97.67
迭代：703，类型：定向，适应值：(4620.1548,)，车辆：13，距离：1947.077，满意度：97.67
迭代：704，类型：定向，适应值：(4620.1548,)，车辆：13，距离：1947.077，满意度：97.67
迭代：705，类型：定向，适应值：(4620.1548,)，车辆：13，距离：1947.077，满意度：97.67
迭代：706，类型：定向，适应值：(4620.1548,)，车辆：13，距离：1947.077，满意度：97.67
迭代：707，类型：定向，适应值：(4620.1548,)，车辆：13，距离：1947.077，满意度：97.67
迭代：708，类型：定向，适应值：(4620.1548,)，车辆：13，距离：1947.077，满意度：97.67
迭代：709，类型：定向，适应值：(4620.1548,)，车辆：13，距离：1947.077，满意度：97.67
迭代：710，类型：定向，适应值：(4620.1548,)，车辆：13，距离：1947.077，满意度：97.67
迭代：711，类型：定向，适应值：(4620.1548,)，车辆：13，距离：1947.077，满意度：97.67
迭代：712，类型：定向，适应值：(4620.1548,)，车辆：13，距离：1947.077，满意度：97.67
迭代：713，类型：定向，适应值：(4620.1548,)，车辆：13，距离：1947.077，满意度：97.67
迭代：714，类型：定向，适应值：(4620.1548,)，车辆：13，距离：1947.077，满意度：97.67
迭代：715，类型：定向，适应值：(4620.1548,)，车辆：13，距离：1947.077，满意度：97.67
迭代：716，类型：定向，适应值：(4620.1548,)，车辆：13，距离：1947.077，满意度：97.67
迭代：717，类型：定向，适应值：(4620.1548,)，车辆：13，距离：1947.077，满意度：97.67
迭代：718，类型：定向，适应值：(4620.1548,)，车辆：13，距离：1947.077，满意度：97.67
迭代：719，类型：定向，适应值：(4620.1548,)，车辆：13，距离：1947.077，满意度：97.67
迭代：720，类型：定向，适应值：(4620.1548,)，车辆：13，距离：1947.077，满意度：97.67
迭代：721，类型：定向，适应值：(4620.1548,)，车辆：13，距离：1947.077，满意度：97.67
迭代：722，类型：定向，适应值：(4620.1548,)，车辆：13，距离：1947.077，满意度：97.67
迭代：723，类型：定向，适应值：(4620.1548,)，车辆：13，距离：1947.077，满意度：97.67
迭代：724，类型：定向，适应值：(4620.1548,)，车辆：13，距离：1947.077，满意度：97.67
迭代：725，类型：定向，适应值：(4620.1548,)，车辆：13，距离：1947.077，满意度：97.67
迭代：726，类型：定向，适应值：(4620.1548,)，车辆：13，距离：1947.077，满意度：97.67
迭代：727，类型：定向，适应值：(4617.0679,)，车辆：13，距离：1945.534，满意度：97.67
迭代：728，类型：定向，适应值：(4617.0679,)，车辆：13，距离：1945.534，满意度：97.67
迭代：729，类型：定向，适应值：(4617.0679,)，车辆：13，距离：1945.534，满意度：97.67
迭代：730，类型：定向，适应值：(4617.0679,)，车辆：13，距离：1945.534，满意度：97.67
迭代：731，类型：定向，适应值：(4617.0679,)，车辆：13，距离：1945.534，满意度：97.67
迭代：732，类型：定向，适应值：(4617.0679,)，车辆：13，距离：1945.534，满意度：97.67
迭代：733，类型：定向，适应值：(4617.0679,)，车辆：13，距离：1945.534，满意度：97.67
迭代：734，类型：定向，适应值：(4617.0679,)，车辆：13，距离：1945.534，满意度：97.67
迭代：735，类型：定向，适应值：(4617.0679,)，车辆：13，距离：1945.534，满意度：97.67
迭代：736，类型：定向，适应值：(4617.0679,)，车辆：13，距离：1945.534，满意度：97.67
迭代：737，类型：定向，适应值：(4617.0679,)，车辆：13，距离：1945.534，满意度：97.67
迭代：738，类型：定向，适应值：(4617.0679,)，车辆：13，距离：1945.534，满意度：97.67
迭代：739，类型：定向，适应值：(4617.0679,)，车辆：13，距离：1945.534，满意度：97.67
迭代：740，类型：定向，适应值：(4617.0679,)，车辆：13，距离：1945.534，满意度：97.67
迭代：741，类型：定向，适应值：(4615.2784,)，车辆：13，距离：1944.639，满意度：97.67
迭代：742，类型：定向，适应值：(4615.2784,)，车辆：13，距离：1944.639，满意度：97.67
迭代：743，类型：定向，适应值：(4615.2784,)，车辆：13，距离：1944.639，满意度：97.67
迭代：744，类型：定向，适应值：(4615.2784,)，车辆：13，距离：1944.639，满意度：97.67
迭代：745，类型：定向，适应值：(4615.2784,)，车辆：13，距离：1944.639，满意度：97.67
迭代：746，类型：定向，适应值：(4615.2784,)，车辆：13，距离：1944.639，满意度：97.67
迭代：747，类型：定向，适应值：(4615.2784,)，车辆：13，距离：1944.639，满意度：97.67
迭代：748，类型：定向，适应值：(4615.2784,)，车辆：13，距离：1944.639，满意度：97.67
迭代：749，类型：定向，适应值：(4582.7794,)，车辆：13，距离：1928.39，满意度：97.67
迭代：750，类型：定向，适应值：(4582.7794,)，车辆：13，距离：1928.39，满意度：97.67
迭代：751，类型：定向，适应值：(4582.7794,)，车辆：13，距离：1928.39，满意度：97.67
迭代：752，类型：定向，适应值：(4582.7794,)，车辆：13，距离：1928.39，满意度：97.67
迭代：753，类型：定向，适应值：(4582.7794,)，车辆：13，距离：1928.39，满意度：97.67
迭代：754，类型：定向，适应值：(4582.7794,)，车辆：13，距离：1928.39，满意度：97.67
迭代：755，类型：定向，适应值：(4582.7794,)，车辆：13，距离：1928.39，满意度：97.67
迭代：756，类型：定向，适应值：(4582.7794,)，车辆：13，距离：1928.39，满意度：97.67
迭代：757，类型：定向，适应值：(4582.7794,)，车辆：13，距离：1928.39，满意度：97.67
迭代：758，类型：定向，适应值：(4582.7794,)，车辆：13，距离：1928.39，满意度：97.67
迭代：759，类型：定向，适应值：(4582.7794,)，车辆：13，距离：1928.39，满意度：97.67
迭代：760，类型：定向，适应值：(4582.7794,)，车辆：13，距离：1928.39，满意度：97.67
迭代：761，类型：定向，适应值：(4582.7794,)，车辆：13，距离：1928.39，满意度：97.67
迭代：762，类型：定向，适应值：(4582.7794,)，车辆：13，距离：1928.39，满意度：97.67
迭代：763，类型：定向，适应值：(4582.7794,)，车辆：13，距离：1928.39，满意度：97.67
迭代：764，类型：定向，适应值：(4582.7794,)，车辆：13，距离：1928.39，满意度：97.67
迭代：765，类型：定向，适应值：(4582.7794,)，车辆：13，距离：1928.39，满意度：97.67
迭代：766，类型：定向，适应值：(4582.7794,)，车辆：13，距离：1928.39，满意度：97.67
迭代：767，类型：定向，适应值：(4582.7794,)，车辆：13，距离：1928.39，满意度：97.67
迭代：768，类型：定向，适应值：(4582.7794,)，车辆：13，距离：1928.39，满意度：97.67
迭代：769，类型：定向，适应值：(4582.7794,)，车辆：13，距离：1928.39，满意度：97.67
迭代：770，类型：定向，适应值：(4582.7794,)，车辆：13，距离：1928.39，满意度：97.67
迭代：771，类型：定向，适应值：(4582.7794,)，车辆：13，距离：1928.39，满意度：97.67
迭代：772，类型：定向，适应值：(4582.7794,)，车辆：13，距离：1928.39，满意度：97.67
迭代：773，类型：定向，适应值：(4582.7794,)，车辆：13，距离：1928.39，满意度：97.67
迭代：774，类型：定向，适应值：(4582.7794,)，车辆：13，距离：1928.39，满意度：97.67
迭代：775，类型：定向，适应值：(4582.7794,)，车辆：13，距离：1928.39，满意度：97.67
迭代：776，类型：定向，适应值：(4582.7794,)，车辆：13，距离：1928.39，满意度：97.67
迭代：777，类型：定向，适应值：(4582.7794,)，车辆：13，距离：1928.39，满意度：97.67
迭代：778，类型：定向，适应值：(4582.7794,)，车辆：13，距离：1928.39，满意度：97.67
迭代：779，类型：定向，适应值：(4582.7794,)，车辆：13，距离：1928.39，满意度：97.67
迭代：780，类型：定向，适应值：(4582.7794,)，车辆：13，距离：1928.39，满意度：97.67
迭代：781，类型：定向，适应值：(4582.7794,)，车辆：13，距离：1928.39，满意度：97.67
迭代：782，类型：定向，适应值：(4582.7794,)，车辆：13，距离：1928.39，满意度：97.67
迭代：783，类型：定向，适应值：(4582.7794,)，车辆：13，距离：1928.39，满意度：97.67
迭代：784，类型：定向，适应值：(4582.7794,)，车辆：13，距离：1928.39，满意度：97.67
迭代：785，类型：定向，适应值：(4582.7794,)，车辆：13，距离：1928.39，满意度：97.67
迭代：786，类型：定向，适应值：(4582.7794,)，车辆：13，距离：1928.39，满意度：97.67
迭代：787，类型：定向，适应值：(4582.7794,)，车辆：13，距离：1928.39，满意度：97.67
迭代：788，类型：定向，适应值：(4582.7794,)，车辆：13，距离：1928.39，满意度：97.67
迭代：789，类型：定向，适应值：(4582.7794,)，车辆：13，距离：1928.39，满意度：97.67
迭代：790，类型：定向，适应值：(4582.7794,)，车辆：13，距离：1928.39，满意度：97.67
迭代：791，类型：定向，适应值：(4582.7794,)，车辆：13，距离：1928.39，满意度：97.67
迭代：792，类型：定向，适应值：(4582.7794,)，车辆：13，距离：1928.39，满意度：97.67
迭代：793，类型：定向，适应值：(4582.7794,)，车辆：13，距离：1928.39，满意度：97.67
迭代：794，类型：定向，适应值：(4582.7794,)，车辆：13，距离：1928.39，满意度：97.67
迭代：795，类型：定向，适应值：(4582.7794,)，车辆：13，距离：1928.39，满意度：97.67
迭代：796，类型：定向，适应值：(4582.7794,)，车辆：13，距离：1928.39，满意度：97.67
迭代：797，类型：定向，适应值：(4582.7794,)，车辆：13，距离：1928.39，满意度：97.67
迭代：798，类型：定向，适应值：(4582.7794,)，车辆：13，距离：1928.39，满意度：97.67
迭代：799，类型：定向，适应值：(4582.7794,)，车辆：13，距离：1928.39，满意度：97.67
迭代：800，类型：定向，适应值：(4582.7794,)，车辆：13，距离：1928.39，满意度：97.67
迭代：801，类型：定向，适应值：(4582.7794,)，车辆：13，距离：1928.39，满意度：97.67
迭代：802，类型：定向，适应值：(4582.7794,)，车辆：13，距离：1928.39，满意度：97.67
迭代：803，类型：定向，适应值：(4582.7794,)，车辆：13，距离：1928.39，满意度：97.67
迭代：804，类型：定向，适应值：(4582.7794,)，车辆：13，距离：1928.39，满意度：97.67
迭代：805，类型：定向，适应值：(4582.7794,)，车辆：13，距离：1928.39，满意度：97.67
迭代：806，类型：定向，适应值：(4582.7794,)，车辆：13，距离：1928.39，满意度：97.67
迭代：807，类型：定向，适应值：(4582.7794,)，车辆：13，距离：1928.39，满意度：97.67
迭代：808，类型：定向，适应值：(4582.7794,)，车辆：13，距离：1928.39，满意度：97.67
迭代：809，类型：定向，适应值：(4582.7794,)，车辆：13，距离：1928.39，满意度：97.67
迭代：810，类型：定向，适应值：(4582.7794,)，车辆：13，距离：1928.39，满意度：97.67
迭代：811，类型：定向，适应值：(4582.7794,)，车辆：13，距离：1928.39，满意度：97.67
迭代：812，类型：定向，适应值：(4582.7794,)，车辆：13，距离：1928.39，满意度：97.67
迭代：813，类型：定向，适应值：(4582.7794,)，车辆：13，距离：1928.39，满意度：97.67
迭代：814，类型：定向，适应值：(4582.7794,)，车辆：13，距离：1928.39，满意度：97.67
迭代：815，类型：定向，适应值：(4582.7794,)，车辆：13，距离：1928.39，满意度：97.67
迭代：816，类型：定向，适应值：(4582.7794,)，车辆：13，距离：1928.39，满意度：97.67
迭代：817，类型：定向，适应值：(4582.7794,)，车辆：13，距离：1928.39，满意度：97.67
迭代：818，类型：定向，适应值：(4582.7794,)，车辆：13，距离：1928.39，满意度：97.67
迭代：819，类型：定向，适应值：(4582.7794,)，车辆：13，距离：1928.39，满意度：97.67
迭代：820，类型：定向，适应值：(4582.7794,)，车辆：13，距离：1928.39，满意度：97.67
迭代：821，类型：定向，适应值：(4582.7794,)，车辆：13，距离：1928.39，满意度：97.67
迭代：822，类型：定向，适应值：(4582.7794,)，车辆：13，距离：1928.39，满意度：97.67
迭代：823，类型：定向，适应值：(4582.7794,)，车辆：13，距离：1928.39，满意度：97.67
迭代：824，类型：定向，适应值：(4582.7794,)，车辆：13，距离：1928.39，满意度：97.67
迭代：825，类型：定向，适应值：(4582.7794,)，车辆：13，距离：1928.39，满意度：97.67
迭代：826，类型：定向，适应值：(4582.7794,)，车辆：13，距离：1928.39，满意度：97.67
迭代：827，类型：定向，适应值：(4582.7794,)，车辆：13，距离：1928.39，满意度：97.67
迭代：828，类型：定向，适应值：(4582.7794,)，车辆：13，距离：1928.39，满意度：97.67
迭代：829，类型：定向，适应值：(4582.7794,)，车辆：13，距离：1928.39，满意度：97.67
迭代：830，类型：定向，适应值：(4582.7794,)，车辆：13，距离：1928.39，满意度：97.67
迭代：831，类型：定向，适应值：(4582.7794,)，车辆：13，距离：1928.39，满意度：97.67
迭代：832，类型：定向，适应值：(4582.7794,)，车辆：13，距离：1928.39，满意度：97.67
迭代：833，类型：定向，适应值：(4582.7794,)，车辆：13，距离：1928.39，满意度：97.67
迭代：834，类型：定向，适应值：(4582.7794,)，车辆：13，距离：1928.39，满意度：97.67
迭代：835，类型：定向，适应值：(4582.7794,)，车辆：13，距离：1928.39，满意度：97.67
迭代：836，类型：定向，适应值：(4582.7794,)，车辆：13，距离：1928.39，满意度：97.67
迭代：837，类型：定向，适应值：(4582.7794,)，车辆：13，距离：1928.39，满意度：97.67
迭代：838，类型：定向，适应值：(4582.7794,)，车辆：13，距离：1928.39，满意度：97.67
迭代：839，类型：定向，适应值：(4582.7794,)，车辆：13，距离：1928.39，满意度：97.67
迭代：840，类型：定向，适应值：(4582.7794,)，车辆：13，距离：1928.39，满意度：97.67
迭代：841，类型：定向，适应值：(4582.7794,)，车辆：13，距离：1928.39，满意度：97.67
迭代：842，类型：定向，适应值：(4582.1439,)，车辆：13，距离：1934.072，满意度：97.73
迭代：843，类型：定向，适应值：(4582.1439,)，车辆：13，距离：1934.072，满意度：97.73
迭代：844，类型：定向，适应值：(4582.1439,)，车辆：13，距离：1934.072，满意度：97.73
迭代：845，类型：定向，适应值：(4582.1439,)，车辆：13，距离：1934.072，满意度：97.73
迭代：846，类型：定向，适应值：(4582.1439,)，车辆：13，距离：1934.072，满意度：97.73
迭代：847，类型：定向，适应值：(4582.1439,)，车辆：13，距离：1934.072，满意度：97.73
迭代：848，类型：定向，适应值：(4582.1439,)，车辆：13，距离：1934.072，满意度：97.73
迭代：849，类型：定向，适应值：(4578.589,)，车辆：13，距离：1932.294，满意度：97.73
迭代：850，类型：定向，适应值：(4578.589,)，车辆：13，距离：1932.294，满意度：97.73
迭代：851，类型：定向，适应值：(4578.589,)，车辆：13，距离：1932.294，满意度：97.73
迭代：852，类型：定向，适应值：(4578.589,)，车辆：13，距离：1932.294，满意度：97.73
迭代：853，类型：定向，适应值：(4578.589,)，车辆：13，距离：1932.294，满意度：97.73
迭代：854，类型：定向，适应值：(4578.589,)，车辆：13，距离：1932.294，满意度：97.73
迭代：855，类型：定向，适应值：(4578.589,)，车辆：13，距离：1932.294，满意度：97.73
迭代：856，类型：定向，适应值：(4578.589,)，车辆：13，距离：1932.294，满意度：97.73
迭代：857，类型：定向，适应值：(4578.589,)，车辆：13，距离：1932.294，满意度：97.73
迭代：858，类型：定向，适应值：(4578.589,)，车辆：13，距离：1932.294，满意度：97.73
迭代：859，类型：定向，适应值：(4578.589,)，车辆：13，距离：1932.294，满意度：97.73
迭代：860，类型：定向，适应值：(4578.589,)，车辆：13，距离：1932.294，满意度：97.73
迭代：861，类型：定向，适应值：(4578.589,)，车辆：13，距离：1932.294，满意度：97.73
迭代：862，类型：定向，适应值：(4578.589,)，车辆：13，距离：1932.294，满意度：97.73
迭代：863，类型：定向，适应值：(4578.589,)，车辆：13，距离：1932.294，满意度：97.73
迭代：864，类型：定向，适应值：(4578.589,)，车辆：13，距离：1932.294，满意度：97.73
迭代：865，类型：定向，适应值：(4578.589,)，车辆：13，距离：1932.294，满意度：97.73
迭代：866，类型：定向，适应值：(4578.589,)，车辆：13，距离：1932.294，满意度：97.73
迭代：867，类型：定向，适应值：(4578.589,)，车辆：13，距离：1932.294，满意度：97.73
迭代：868，类型：定向，适应值：(4578.589,)，车辆：13，距离：1932.294，满意度：97.73
迭代：869，类型：定向，适应值：(4578.589,)，车辆：13，距离：1932.294，满意度：97.73
迭代：870，类型：定向，适应值：(4578.589,)，车辆：13，距离：1932.294，满意度：97.73
迭代：871，类型：定向，适应值：(4578.589,)，车辆：13，距离：1932.294，满意度：97.73
迭代：872，类型：定向，适应值：(4578.589,)，车辆：13，距离：1932.294，满意度：97.73
迭代：873，类型：定向，适应值：(4578.589,)，车辆：13，距离：1932.294，满意度：97.73
迭代：874，类型：定向，适应值：(4578.589,)，车辆：13，距离：1932.294，满意度：97.73
迭代：875，类型：定向，适应值：(4578.589,)，车辆：13，距离：1932.294，满意度：97.73
迭代：876，类型：定向，适应值：(4578.589,)，车辆：13，距离：1932.294，满意度：97.73
迭代：877，类型：定向，适应值：(4578.589,)，车辆：13，距离：1932.294，满意度：97.73
迭代：878，类型：定向，适应值：(4578.589,)，车辆：13，距离：1932.294，满意度：97.73
迭代：879，类型：定向，适应值：(4578.589,)，车辆：13，距离：1932.294，满意度：97.73
迭代：880，类型：定向，适应值：(4578.589,)，车辆：13，距离：1932.294，满意度：97.73
迭代：881，类型：定向，适应值：(4578.589,)，车辆：13，距离：1932.294，满意度：97.73
迭代：882，类型：定向，适应值：(4578.589,)，车辆：13，距离：1932.294，满意度：97.73
迭代：883，类型：定向，适应值：(4578.589,)，车辆：13，距离：1932.294，满意度：97.73
迭代：884，类型：定向，适应值：(4578.589,)，车辆：13，距离：1932.294，满意度：97.73
迭代：885，类型：定向，适应值：(4578.589,)，车辆：13，距离：1932.294，满意度：97.73
迭代：886，类型：定向，适应值：(4578.589,)，车辆：13，距离：1932.294，满意度：97.73
迭代：887，类型：定向，适应值：(4578.589,)，车辆：13，距离：1932.294，满意度：97.73
迭代：888，类型：定向，适应值：(4578.589,)，车辆：13，距离：1932.294，满意度：97.73
迭代：889，类型：定向，适应值：(4578.589,)，车辆：13，距离：1932.294，满意度：97.73
迭代：890，类型：定向，适应值：(4578.589,)，车辆：13，距离：1932.294，满意度：97.73
迭代：891，类型：定向，适应值：(4578.589,)，车辆：13，距离：1932.294，满意度：97.73
迭代：892，类型：定向，适应值：(4578.589,)，车辆：13，距离：1932.294，满意度：97.73
迭代：893，类型：定向，适应值：(4578.589,)，车辆：13，距离：1932.294，满意度：97.73
迭代：894，类型：定向，适应值：(4578.589,)，车辆：13，距离：1932.294，满意度：97.73
迭代：895，类型：定向，适应值：(4578.589,)，车辆：13，距离：1932.294，满意度：97.73
迭代：896，类型：定向，适应值：(4578.589,)，车辆：13，距离：1932.294，满意度：97.73
迭代：897，类型：定向，适应值：(4578.589,)，车辆：13，距离：1932.294，满意度：97.73
迭代：898，类型：定向，适应值：(4578.589,)，车辆：13，距离：1932.294，满意度：97.73
迭代：899，类型：定向，适应值：(4578.589,)，车辆：13，距离：1932.294，满意度：97.73
迭代：900，类型：定向，适应值：(4578.589,)，车辆：13，距离：1932.294，满意度：97.73
迭代：901，类型：定向，适应值：(4578.589,)，车辆：13，距离：1932.294，满意度：97.73
迭代：902，类型：定向，适应值：(4578.589,)，车辆：13，距离：1932.294，满意度：97.73
迭代：903，类型：定向，适应值：(4578.589,)，车辆：13，距离：1932.294，满意度：97.73
迭代：904，类型：定向，适应值：(4578.589,)，车辆：13，距离：1932.294，满意度：97.73
迭代：905，类型：定向，适应值：(4578.589,)，车辆：13，距离：1932.294，满意度：97.73
迭代：906，类型：定向，适应值：(4578.589,)，车辆：13，距离：1932.294，满意度：97.73
迭代：907，类型：定向，适应值：(4578.589,)，车辆：13，距离：1932.294，满意度：97.73
迭代：908，类型：定向，适应值：(4578.589,)，车辆：13，距离：1932.294，满意度：97.73
迭代：909，类型：定向，适应值：(4578.589,)，车辆：13，距离：1932.294，满意度：97.73
迭代：910，类型：定向，适应值：(4578.589,)，车辆：13，距离：1932.294，满意度：97.73
迭代：911，类型：定向，适应值：(4578.589,)，车辆：13，距离：1932.294，满意度：97.73
迭代：912，类型：定向，适应值：(4578.589,)，车辆：13，距离：1932.294，满意度：97.73
迭代：913，类型：定向，适应值：(4578.589,)，车辆：13，距离：1932.294，满意度：97.73
迭代：914，类型：定向，适应值：(4578.589,)，车辆：13，距离：1932.294，满意度：97.73
迭代：915，类型：定向，适应值：(4578.589,)，车辆：13，距离：1932.294，满意度：97.73
迭代：916，类型：定向，适应值：(4578.589,)，车辆：13，距离：1932.294，满意度：97.73
迭代：917，类型：定向，适应值：(4578.589,)，车辆：13，距离：1932.294，满意度：97.73
迭代：918，类型：定向，适应值：(4578.589,)，车辆：13，距离：1932.294，满意度：97.73
迭代：919，类型：定向，适应值：(4578.589,)，车辆：13，距离：1932.294，满意度：97.73
迭代：920，类型：定向，适应值：(4578.589,)，车辆：13，距离：1932.294，满意度：97.73
迭代：921，类型：定向，适应值：(4578.589,)，车辆：13，距离：1932.294，满意度：97.73
迭代：922，类型：定向，适应值：(4578.589,)，车辆：13，距离：1932.294，满意度：97.73
迭代：923，类型：定向，适应值：(4578.589,)，车辆：13，距离：1932.294，满意度：97.73
迭代：924，类型：定向，适应值：(4578.589,)，车辆：13，距离：1932.294，满意度：97.73
迭代：925，类型：定向，适应值：(4578.589,)，车辆：13，距离：1932.294，满意度：97.73
迭代：926，类型：定向，适应值：(4578.589,)，车辆：13，距离：1932.294，满意度：97.73
迭代：927，类型：定向，适应值：(4578.589,)，车辆：13，距离：1932.294，满意度：97.73
迭代：928，类型：定向，适应值：(4578.589,)，车辆：13，距离：1932.294，满意度：97.73
迭代：929，类型：定向，适应值：(4578.589,)，车辆：13，距离：1932.294，满意度：97.73
迭代：930，类型：定向，适应值：(4578.589,)，车辆：13，距离：1932.294，满意度：97.73
迭代：931，类型：定向，适应值：(4578.589,)，车辆：13，距离：1932.294，满意度：97.73
迭代：932，类型：定向，适应值：(4578.589,)，车辆：13，距离：1932.294，满意度：97.73
迭代：933，类型：定向，适应值：(4578.589,)，车辆：13，距离：1932.294，满意度：97.73
迭代：934，类型：定向，适应值：(4578.589,)，车辆：13，距离：1932.294，满意度：97.73
迭代：935，类型：定向，适应值：(4578.589,)，车辆：13，距离：1932.294，满意度：97.73
迭代：936，类型：定向，适应值：(4578.589,)，车辆：13，距离：1932.294，满意度：97.73
迭代：937，类型：定向，适应值：(4578.589,)，车辆：13，距离：1932.294，满意度：97.73
迭代：938，类型：定向，适应值：(4578.589,)，车辆：13，距离：1932.294，满意度：97.73
迭代：939，类型：定向，适应值：(4578.589,)，车辆：13，距离：1932.294，满意度：97.73
迭代：940，类型：定向，适应值：(4578.589,)，车辆：13，距离：1932.294，满意度：97.73
迭代：941，类型：定向，适应值：(4578.589,)，车辆：13，距离：1932.294，满意度：97.73
迭代：942，类型：定向，适应值：(4578.589,)，车辆：13，距离：1932.294，满意度：97.73
迭代：943，类型：定向，适应值：(4578.589,)，车辆：13，距离：1932.294，满意度：97.73
迭代：944，类型：定向，适应值：(4578.589,)，车辆：13，距离：1932.294，满意度：97.73
迭代：945，类型：定向，适应值：(4578.589,)，车辆：13，距离：1932.294，满意度：97.73
迭代：946，类型：定向，适应值：(4578.589,)，车辆：13，距离：1932.294，满意度：97.73
迭代：947，类型：定向，适应值：(4578.589,)，车辆：13，距离：1932.294，满意度：97.73
迭代：948，类型：定向，适应值：(4578.589,)，车辆：13，距离：1932.294，满意度：97.73
迭代：949，类型：定向，适应值：(4578.589,)，车辆：13，距离：1932.294，满意度：97.73
迭代：950，类型：定向，适应值：(4578.589,)，车辆：13，距离：1932.294，满意度：97.73
迭代：951，类型：定向，适应值：(4578.589,)，车辆：13，距离：1932.294，满意度：97.73
迭代：952，类型：定向，适应值：(4578.589,)，车辆：13，距离：1932.294，满意度：97.73
迭代：953，类型：定向，适应值：(4569.8244,)，车辆：13，距离：1927.912，满意度：97.73
迭代：954，类型：定向，适应值：(4569.8244,)，车辆：13，距离：1927.912，满意度：97.73
迭代：955，类型：定向，适应值：(4569.8244,)，车辆：13，距离：1927.912，满意度：97.73
迭代：956，类型：定向，适应值：(4569.8244,)，车辆：13，距离：1927.912，满意度：97.73
迭代：957，类型：定向，适应值：(4569.8244,)，车辆：13，距离：1927.912，满意度：97.73
迭代：958，类型：定向，适应值：(4569.8244,)，车辆：13，距离：1927.912，满意度：97.73
迭代：959，类型：定向，适应值：(4567.3542,)，车辆：13，距离：1926.677，满意度：97.73
迭代：960，类型：定向，适应值：(4567.3542,)，车辆：13，距离：1926.677，满意度：97.73
迭代：961，类型：定向，适应值：(4567.3542,)，车辆：13，距离：1926.677，满意度：97.73
迭代：962，类型：定向，适应值：(4567.3542,)，车辆：13，距离：1926.677，满意度：97.73
迭代：963，类型：定向，适应值：(4567.3542,)，车辆：13，距离：1926.677，满意度：97.73
迭代：964，类型：定向，适应值：(4567.3542,)，车辆：13，距离：1926.677，满意度：97.73
迭代：965，类型：定向，适应值：(4567.3542,)，车辆：13，距离：1926.677，满意度：97.73
迭代：966，类型：定向，适应值：(4567.3542,)，车辆：13，距离：1926.677，满意度：97.73
迭代：967，类型：定向，适应值：(4567.3542,)，车辆：13，距离：1926.677，满意度：97.73
迭代：968，类型：定向，适应值：(4567.3542,)，车辆：13，距离：1926.677，满意度：97.73
迭代：969，类型：定向，适应值：(4567.3542,)，车辆：13，距离：1926.677，满意度：97.73
迭代：970，类型：定向，适应值：(4567.3542,)，车辆：13，距离：1926.677，满意度：97.73
迭代：971，类型：定向，适应值：(4567.3542,)，车辆：13，距离：1926.677，满意度：97.73
迭代：972，类型：定向，适应值：(4567.3542,)，车辆：13，距离：1926.677，满意度：97.73
迭代：973，类型：定向，适应值：(4567.3542,)，车辆：13，距离：1926.677，满意度：97.73
迭代：974，类型：定向，适应值：(4567.3542,)，车辆：13，距离：1926.677，满意度：97.73
迭代：975，类型：定向，适应值：(4567.3542,)，车辆：13，距离：1926.677，满意度：97.73
迭代：976，类型：定向，适应值：(4567.3542,)，车辆：13，距离：1926.677，满意度：97.73
迭代：977，类型：定向，适应值：(4567.3542,)，车辆：13，距离：1926.677，满意度：97.73
迭代：978，类型：定向，适应值：(4567.3542,)，车辆：13，距离：1926.677，满意度：97.73
迭代：979，类型：定向，适应值：(4567.3542,)，车辆：13，距离：1926.677，满意度：97.73
迭代：980，类型：定向，适应值：(4567.3542,)，车辆：13，距离：1926.677，满意度：97.73
迭代：981，类型：定向，适应值：(4567.3542,)，车辆：13，距离：1926.677，满意度：97.73
迭代：982，类型：定向，适应值：(4567.3542,)，车辆：13，距离：1926.677，满意度：97.73
迭代：983，类型：定向，适应值：(4567.3542,)，车辆：13，距离：1926.677，满意度：97.73
迭代：984，类型：定向，适应值：(4567.3542,)，车辆：13，距离：1926.677，满意度：97.73
迭代：985，类型：定向，适应值：(4567.3542,)，车辆：13，距离：1926.677，满意度：97.73
迭代：986，类型：定向，适应值：(4567.3542,)，车辆：13，距离：1926.677，满意度：97.73
迭代：987，类型：定向，适应值：(4567.3542,)，车辆：13，距离：1926.677，满意度：97.73
迭代：988，类型：定向，适应值：(4567.3542,)，车辆：13，距离：1926.677，满意度：97.73
迭代：989，类型：定向，适应值：(4567.3542,)，车辆：13，距离：1926.677，满意度：97.73
迭代：990，类型：定向，适应值：(4567.3542,)，车辆：13，距离：1926.677，满意度：97.73
迭代：991，类型：定向，适应值：(4567.3542,)，车辆：13，距离：1926.677，满意度：97.73
迭代：992，类型：定向，适应值：(4567.3542,)，车辆：13，距离：1926.677，满意度：97.73
迭代：993，类型：定向，适应值：(4567.3542,)，车辆：13，距离：1926.677，满意度：97.73
迭代：994，类型：定向，适应值：(4567.3542,)，车辆：13，距离：1926.677，满意度：97.73
迭代：995，类型：定向，适应值：(4567.3542,)，车辆：13，距离：1926.677，满意度：97.73
迭代：996，类型：定向，适应值：(4567.3542,)，车辆：13，距离：1926.677，满意度：97.73
迭代：997，类型：定向，适应值：(4567.3542,)，车辆：13，距离：1926.677，满意度：97.73
迭代：998，类型：定向，适应值：(4567.3542,)，车辆：13，距离：1926.677，满意度：97.73
迭代：999，类型：定向，适应值：(4567.3542,)，车辆：13，距离：1926.677，满意度：97.73
迭代：1000，类型：定向，适应值：(4567.3542,)，车辆：13，距离：1926.677，满意度：97.73