迭代：1，类型：定向，适应值：(10682.2334,)，车辆：13，距离：2004.117，满意度：67.93
迭代：2，类型：定向，适应值：(10340.118,)，车辆：12，距离：1850.059，满意度：68.0
迭代：3，类型：定向，适应值：(10154.1375,)，车辆：13，距离：2180.069，满意度：72.33
迭代：4，类型：定向，适应值：(10154.1375,)，车辆：13，距离：2180.069，满意度：72.33
迭代：5，类型：定向，适应值：(10154.1375,)，车辆：13，距离：2180.069，满意度：72.33
迭代：6，类型：定向，适应值：(10154.1375,)，车辆：13，距离：2180.069，满意度：72.33
迭代：7，类型：定向，适应值：(10154.1375,)，车辆：13，距离：2180.069，满意度：72.33
迭代：8，类型：定向，适应值：(10107.6443,)，车辆：13，距离：1996.822，满意度：70.73
迭代：9，类型：定向，适应值：(10107.6443,)，车辆：13，距离：1996.822，满意度：70.73
迭代：10，类型：定向，适应值：(10051.5265,)，车辆：12，距离：1858.763，满意度：69.53
迭代：11，类型：定向，适应值：(10051.5265,)，车辆：12，距离：1858.763，满意度：69.53
迭代：12，类型：定向，适应值：(9942.4251,)，车辆：12，距离：1891.213，满意度：70.4
迭代：13，类型：定向，适应值：(9799.9329,)，车辆：12，距离：1912.966，满意度：71.33
迭代：14，类型：定向，适应值：(9634.1461,)，车辆：12，距离：1890.073，满意度：71.93
迭代：15，类型：定向，适应值：(9634.1461,)，车辆：12，距离：1890.073，满意度：71.93
迭代：16，类型：定向，适应值：(9634.1461,)，车辆：12，距离：1890.073，满意度：71.93
迭代：17，类型：定向，适应值：(9634.1461,)，车辆：12，距离：1890.073，满意度：71.93
迭代：18，类型：定向，适应值：(9634.1461,)，车辆：12，距离：1890.073，满意度：71.93
迭代：19，类型：定向，适应值：(9552.3662,)，车辆：13，距离：1993.183，满意度：73.47
迭代：20，类型：定向，适应值：(9552.3662,)，车辆：13，距离：1993.183，满意度：73.47
迭代：21，类型：定向，适应值：(9552.3662,)，车辆：13，距离：1993.183，满意度：73.47
迭代：22，类型：定向，适应值：(9532.1548,)，车辆：12，距离：1966.077，满意度：73.2
迭代：23，类型：定向，适应值：(9532.1548,)，车辆：12，距离：1966.077，满意度：73.2
迭代：24，类型：定向，适应值：(9451.2071,)，车辆：12，距离：1945.604，满意度：73.4
迭代：25，类型：定向，适应值：(9451.2071,)，车辆：12，距离：1945.604，满意度：73.4
迭代：26，类型：定向，适应值：(9451.2071,)，车辆：12，距离：1945.604，满意度：73.4
迭代：27，类型：定向，适应值：(9255.7409,)，车辆：12，距离：2087.87，满意度：75.8
迭代：28，类型：定向，适应值：(9255.7409,)，车辆：12，距离：2087.87，满意度：75.8
迭代：29，类型：定向，适应值：(9255.7409,)，车辆：12，距离：2087.87，满意度：75.8
迭代：30，类型：定向，适应值：(9068.0276,)，车辆：12，距离：2081.014，满意度：76.67
迭代：31，类型：定向，适应值：(9068.0276,)，车辆：12，距离：2081.014，满意度：76.67
迭代：32，类型：定向，适应值：(9068.0276,)，车辆：12，距离：2081.014，满意度：76.67
迭代：33，类型：定向，适应值：(9068.0276,)，车辆：12，距离：2081.014，满意度：76.67
迭代：34，类型：定向，适应值：(9068.0276,)，车辆：12，距离：2081.014，满意度：76.67
迭代：35，类型：定向，适应值：(9001.8087,)，车辆：12，距离：1967.904，满意度：75.87
迭代：36，类型：定向，适应值：(9001.8087,)，车辆：12，距离：1967.904，满意度：75.87
迭代：37，类型：定向，适应值：(8713.7874,)，车辆：12，距离：2009.894，满意度：77.73
迭代：38，类型：定向，适应值：(8713.7874,)，车辆：12，距离：2009.894，满意度：77.73
迭代：39，类型：定向，适应值：(8508.9787,)，车辆：12，距离：2021.489，满意度：78.87
迭代：40，类型：定向，适应值：(8508.9787,)，车辆：12，距离：2021.489，满意度：78.87
迭代：41，类型：定向，适应值：(8433.5723,)，车辆：12，距离：2049.786，满意度：79.53
迭代：42，类型：定向，适应值：(8323.2654,)，车辆：12，距离：2014.633，满意度：79.73
迭代：43，类型：定向，适应值：(8302.1828,)，车辆：12，距离：2058.091，满意度：80.27
迭代：44，类型：定向，适应值：(8116.4694,)，车辆：12，距离：2051.235，满意度：81.13
迭代：45，类型：定向，适应值：(8116.4694,)，车辆：12，距离：2051.235，满意度：81.13
迭代：46，类型：定向，适应值：(8102.5643,)，车辆：12，距离：2044.282，满意度：81.13
迭代：47，类型：定向，适应值：(7949.0032,)，车辆：12，距离：2054.502，满意度：82.0
迭代：48，类型：定向，适应值：(7949.0032,)，车辆：12，距离：2054.502，满意度：82.0
迭代：49，类型：定向，适应值：(7949.0032,)，车辆：12，距离：2054.502，满意度：82.0
迭代：50，类型：定向，适应值：(7935.0981,)，车辆：12，距离：2047.549，满意度：82.0
迭代：51，类型：定向，适应值：(7934.6947,)，车辆：12，距离：2054.347，满意度：82.07
迭代：52，类型：定向，适应值：(7934.6947,)，车辆：12，距离：2054.347，满意度：82.07
迭代：53，类型：定向，适应值：(7858.0353,)，车辆：12，距离：2009.018，满意度：82.0
迭代：54，类型：定向，适应值：(7858.0353,)，车辆：12，距离：2009.018，满意度：82.0
迭代：55，类型：定向，适应值：(7857.6318,)，车辆：12，距离：2015.816，满意度：82.07
迭代：56，类型：定向，适应值：(7842.6072,)，车辆：12，距离：2001.304，满意度：82.0
迭代：57，类型：定向，适应值：(7828.9496,)，车辆：12，距离：2001.475，满意度：82.07
迭代：58，类型：定向，适应值：(7826.001,)，车辆：12，距离：1993.0，满意度：82.0
迭代：59，类型：定向，适应值：(7825.5976,)，车辆：12，距离：1999.799，满意度：82.07
迭代：60，类型：定向，适应值：(7825.5099,)，车辆：12，距离：1999.755，满意度：82.07
迭代：61，类型：定向，适应值：(7823.6719,)，车辆：12，距离：1998.836，满意度：82.07
迭代：62，类型：定向，适应值：(7792.0411,)，车辆：12，距离：1976.021，满意度：82.0
迭代：63，类型：定向，适应值：(7791.6376,)，车辆：12，距离：1982.819，满意度：82.07
迭代：64，类型：定向，适应值：(7791.6376,)，车辆：12，距离：1982.819，满意度：82.07
迭代：65，类型：定向，适应值：(7791.6376,)，车辆：12，距离：1982.819，满意度：82.07
迭代：66，类型：定向，适应值：(7786.7158,)，车辆：12，距离：1966.358，满意度：81.93
迭代：67，类型：定向，适应值：(7784.912,)，车辆：12，距离：1965.456，满意度：81.93
迭代：68，类型：定向，适应值：(7776.1523,)，车辆：12，距离：1968.076，满意度：82.0
迭代：69，类型：定向，适应值：(7775.7489,)，车辆：12，距离：1974.874，满意度：82.07
迭代：70，类型：定向，适应值：(7757.3999,)，车辆：12，距离：1951.7，满意度：81.93
迭代：71，类型：定向，适应值：(7757.3999,)，车辆：12，距离：1951.7，满意度：81.93
迭代：72，类型：定向，适应值：(7742.6829,)，车辆：12，距离：1944.341，满意度：81.93
迭代：73，类型：定向，适应值：(7737.4389,)，车辆：12，距离：1948.719，满意度：82.0
迭代：74，类型：定向，适应值：(7729.4796,)，车辆：12，距离：1944.74，满意度：82.0
迭代：75，类型：定向，适应值：(7729.3919,)，车辆：12，距离：1944.696，满意度：82.0
迭代：76，类型：定向，适应值：(7704.6084,)，车辆：12，距离：1925.304，满意度：81.93
迭代：77，类型：定向，适应值：(7658.9564,)，车辆：12，距离：1909.478，满意度：82.0
迭代：78，类型：定向，适应值：(7658.9564,)，车辆：12，距离：1909.478，满意度：82.0
迭代：79，类型：定向，适应值：(7622.0537,)，车辆：12，距离：1891.027，满意度：82.0
迭代：80，类型：定向，适应值：(7622.0537,)，车辆：12，距离：1891.027，满意度：82.0
迭代：81，类型：定向，适应值：(7622.0537,)，车辆：12，距离：1891.027，满意度：82.0
迭代：82，类型：定向，适应值：(7622.0537,)，车辆：12，距离：1891.027，满意度：82.0
迭代：83，类型：定向，适应值：(7618.1569,)，车辆：12，距离：1889.078，满意度：82.0
迭代：84，类型：定向，适应值：(7618.1569,)，车辆：12，距离：1889.078，满意度：82.0
迭代：85，类型：定向，适应值：(7618.1569,)，车辆：12，距离：1889.078，满意度：82.0
迭代：86，类型：定向，适应值：(7618.1569,)，车辆：12，距离：1889.078，满意度：82.0
迭代：87，类型：定向，适应值：(7618.1569,)，车辆：12，距离：1889.078，满意度：82.0
迭代：88，类型：定向，适应值：(7601.8203,)，车辆：12，距离：1907.91，满意度：82.27
迭代：89，类型：定向，适应值：(7565.0709,)，车辆：12，距离：1909.535，满意度：82.47
迭代：90，类型：定向，适应值：(7565.0709,)，车辆：12，距离：1909.535，满意度：82.47
迭代：91，类型：定向，适应值：(7565.0709,)，车辆：12，距离：1909.535，满意度：82.47
迭代：92，类型：定向，适应值：(7565.0709,)，车辆：12，距离：1909.535，满意度：82.47
迭代：93，类型：定向，适应值：(7565.0709,)，车辆：12，距离：1909.535，满意度：82.47
迭代：94，类型：定向，适应值：(7564.2962,)，车辆：12，距离：1922.148，满意度：82.6
迭代：95，类型：定向，适应值：(7564.2962,)，车辆：12，距离：1922.148，满意度：82.6
迭代：96，类型：定向，适应值：(7564.2962,)，车辆：12，距离：1922.148，满意度：82.6
迭代：97，类型：定向，适应值：(7564.2962,)，车辆：12，距离：1922.148，满意度：82.6
迭代：98，类型：定向，适应值：(7463.858,)，车辆：12，距离：1891.929，满意度：82.8
迭代：99，类型：定向，适应值：(7463.858,)，车辆：12，距离：1891.929，满意度：82.8
迭代：100，类型：定向，适应值：(7463.858,)，车辆：12，距离：1891.929，满意度：82.8
迭代：101，类型：定向，适应值：(7463.858,)，车辆：12，距离：1891.929，满意度：82.8
迭代：102，类型：定向，适应值：(7463.858,)，车辆：12，距离：1891.929，满意度：82.8
迭代：103，类型：定向，适应值：(7455.7087,)，车辆：12，距离：1887.854，满意度：82.8
迭代：104，类型：定向，适应值：(7386.1,)，车辆：12，距离：1893.05，满意度：83.2
迭代：105，类型：定向，适应值：(7358.4124,)，车辆：12，距离：1879.206，满意度：83.2
迭代：106，类型：定向，适应值：(7358.4124,)，车辆：12，距离：1879.206，满意度：83.2
迭代：107，类型：定向，适应值：(7358.4124,)，车辆：12，距离：1879.206，满意度：83.2
迭代：108，类型：定向，适应值：(7358.4124,)，车辆：12，距离：1879.206，满意度：83.2
迭代：109，类型：定向，适应值：(7355.2931,)，车辆：12，距离：1877.647，满意度：83.2
迭代：110，类型：定向，适应值：(7345.7647,)，车辆：12，距离：1872.882，满意度：83.2
迭代：111，类型：定向，适应值：(7345.7647,)，车辆：12，距离：1872.882，满意度：83.2
迭代：112，类型：定向，适应值：(7345.7647,)，车辆：12，距离：1872.882，满意度：83.2
迭代：113，类型：定向，适应值：(7342.6455,)，车辆：12，距离：1871.323，满意度：83.2
迭代：114，类型：定向，适应值：(7342.6455,)，车辆：12，距离：1871.323，满意度：83.2
迭代：115，类型：定向，适应值：(7342.6455,)，车辆：12，距离：1871.323，满意度：83.2
迭代：116，类型：定向，适应值：(7342.6455,)，车辆：12，距离：1871.323，满意度：83.2
迭代：117，类型：定向，适应值：(7330.9821,)，车辆：12，距离：1852.491，满意度：83.07
迭代：118，类型：定向，适应值：(7330.9821,)，车辆：12，距离：1852.491，满意度：83.07
迭代：119，类型：定向，适应值：(7330.9821,)，车辆：12，距离：1852.491，满意度：83.07
迭代：120，类型：定向，适应值：(7330.9821,)，车辆：12，距离：1852.491，满意度：83.07
迭代：121，类型：定向，适应值：(7330.9821,)，车辆：12，距离：1852.491，满意度：83.07
迭代：122，类型：定向，适应值：(7330.9821,)，车辆：12，距离：1852.491，满意度：83.07
迭代：123，类型：定向，适应值：(7330.9821,)，车辆：12，距离：1852.491，满意度：83.07
迭代：124，类型：定向，适应值：(7330.9821,)，车辆：12，距离：1852.491，满意度：83.07
迭代：125，类型：定向，适应值：(7330.9821,)，车辆：12，距离：1852.491，满意度：83.07
迭代：126，类型：定向，适应值：(7330.9821,)，车辆：12，距离：1852.491，满意度：83.07
迭代：127，类型：定向，适应值：(7330.9821,)，车辆：12，距离：1852.491，满意度：83.07
迭代：128，类型：定向，适应值：(7328.0698,)，车辆：12，距离：1851.035，满意度：83.07
迭代：129，类型：定向，适应值：(7328.0698,)，车辆：12，距离：1851.035，满意度：83.07
迭代：130，类型：定向，适应值：(7328.0698,)，车辆：12，距离：1851.035，满意度：83.07
迭代：131，类型：定向，适应值：(7320.3932,)，车辆：12，距离：1847.197，满意度：83.07
迭代：132，类型：定向，适应值：(7317.3926,)，车辆：12，距离：1845.696，满意度：83.07
迭代：133，类型：定向，适应值：(7310.5891,)，车辆：12，距离：1842.295，满意度：83.07
迭代：134，类型：定向，适应值：(7310.5891,)，车辆：12，距离：1842.295，满意度：83.07
迭代：135，类型：定向，适应值：(7310.5891,)，车辆：12，距离：1842.295，满意度：83.07
迭代：136，类型：定向，适应值：(7310.5891,)，车辆：12，距离：1842.295，满意度：83.07
迭代：137，类型：定向，适应值：(7292.2796,)，车辆：12，距离：1846.14，满意度：83.2
迭代：138，类型：定向，适应值：(7292.2796,)，车辆：12，距离：1846.14，满意度：83.2
迭代：139，类型：定向，适应值：(7285.4761,)，车辆：12，距离：1842.738，满意度：83.2
迭代：140，类型：定向，适应值：(7285.4761,)，车辆：12，距离：1842.738，满意度：83.2
迭代：141，类型：定向，适应值：(7283.1289,)，车辆：12，距离：1841.564，满意度：83.2
迭代：142，类型：定向，适应值：(7283.1289,)，车辆：12，距离：1841.564，满意度：83.2
迭代：143，类型：定向，适应值：(7283.1289,)，车辆：12，距离：1841.564，满意度：83.2
迭代：144，类型：定向，适应值：(7278.0157,)，车辆：12，距离：1839.008，满意度：83.2
迭代：145，类型：定向，适应值：(7278.0157,)，车辆：12，距离：1839.008，满意度：83.2
迭代：146，类型：定向，适应值：(7275.339,)，车辆：12，距离：1837.67，满意度：83.2
迭代：147，类型：定向，适应值：(7275.339,)，车辆：12，距离：1837.67，满意度：83.2
迭代：148，类型：定向，适应值：(7270.2258,)，车辆：12，距离：1835.113，满意度：83.2
迭代：149，类型：定向，适应值：(7232.9312,)，车辆：12，距离：1816.466，满意度：83.2
迭代：150，类型：定向，适应值：(7232.9312,)，车辆：12，距离：1816.466，满意度：83.2
迭代：151，类型：定向，适应值：(7225.1413,)，车辆：12，距离：1812.571，满意度：83.2
迭代：152，类型：定向，适应值：(7225.1413,)，车辆：12，距离：1812.571，满意度：83.2
迭代：153，类型：定向，适应值：(7221.3045,)，车辆：12，距离：1810.652，满意度：83.2
迭代：154，类型：定向，适应值：(7221.3045,)，车辆：12，距离：1810.652，满意度：83.2
迭代：155，类型：定向，适应值：(7221.3045,)，车辆：12，距离：1810.652，满意度：83.2
迭代：156，类型：定向，适应值：(7213.5146,)，车辆：12，距离：1806.757，满意度：83.2
迭代：157，类型：定向，适应值：(7213.5146,)，车辆：12，距离：1806.757，满意度：83.2
迭代：158，类型：定向，适应值：(7213.5146,)，车辆：12，距离：1806.757，满意度：83.2
迭代：159，类型：定向，适应值：(7213.5146,)，车辆：12，距离：1806.757，满意度：83.2
迭代：160，类型：定向，适应值：(7213.5146,)，车辆：12，距离：1806.757，满意度：83.2
迭代：161，类型：定向，适应值：(7213.5146,)，车辆：12，距离：1806.757，满意度：83.2
迭代：162，类型：定向，适应值：(7213.5146,)，车辆：12，距离：1806.757，满意度：83.2
迭代：163，类型：定向，适应值：(7213.5146,)，车辆：12，距离：1806.757，满意度：83.2
迭代：164，类型：定向，适应值：(7213.5146,)，车辆：12，距离：1806.757，满意度：83.2
迭代：165，类型：定向，适应值：(7213.5146,)，车辆：12，距离：1806.757，满意度：83.2
迭代：166，类型：定向，适应值：(7213.5146,)，车辆：12，距离：1806.757，满意度：83.2
迭代：167，类型：定向，适应值：(7199.736,)，车辆：12，距离：1799.868，满意度：83.2
迭代：168，类型：定向，适应值：(7199.736,)，车辆：12，距离：1799.868，满意度：83.2
迭代：169，类型：定向，适应值：(7199.736,)，车辆：12，距离：1799.868，满意度：83.2
迭代：170，类型：定向，适应值：(7199.736,)，车辆：12，距离：1799.868，满意度：83.2
迭代：171，类型：定向，适应值：(7199.736,)，车辆：12，距离：1799.868，满意度：83.2
迭代：172，类型：定向，适应值：(7199.736,)，车辆：12，距离：1799.868，满意度：83.2
迭代：173，类型：定向，适应值：(7199.736,)，车辆：12，距离：1799.868，满意度：83.2
迭代：174，类型：定向，适应值：(7199.736,)，车辆：12，距离：1799.868，满意度：83.2
迭代：175，类型：定向，适应值：(7199.736,)，车辆：12，距离：1799.868，满意度：83.2
迭代：176，类型：定向，适应值：(7199.736,)，车辆：12，距离：1799.868，满意度：83.2
迭代：177，类型：定向，适应值：(7199.736,)，车辆：12，距离：1799.868，满意度：83.2
迭代：178，类型：定向，适应值：(7199.736,)，车辆：12，距离：1799.868，满意度：83.2
迭代：179，类型：定向，适应值：(7199.736,)，车辆：12，距离：1799.868，满意度：83.2
迭代：180，类型：定向，适应值：(7199.736,)，车辆：12，距离：1799.868，满意度：83.2
迭代：181，类型：定向，适应值：(7199.736,)，车辆：12，距离：1799.868，满意度：83.2
迭代：182，类型：定向，适应值：(7199.736,)，车辆：12，距离：1799.868，满意度：83.2
迭代：183，类型：定向，适应值：(7199.736,)，车辆：12，距离：1799.868，满意度：83.2
迭代：184，类型：定向，适应值：(7199.736,)，车辆：12，距离：1799.868，满意度：83.2
迭代：185，类型：定向，适应值：(7199.736,)，车辆：12，距离：1799.868，满意度：83.2
迭代：186，类型：定向，适应值：(7199.736,)，车辆：12，距离：1799.868，满意度：83.2
迭代：187，类型：定向，适应值：(7199.736,)，车辆：12，距离：1799.868，满意度：83.2
迭代：188，类型：定向，适应值：(7199.736,)，车辆：12，距离：1799.868，满意度：83.2
迭代：189，类型：定向，适应值：(7199.736,)，车辆：12，距离：1799.868，满意度：83.2
迭代：190，类型：定向，适应值：(7176.3088,)，车辆：12，距离：1788.154，满意度：83.2
迭代：191，类型：定向，适应值：(7176.3088,)，车辆：12，距离：1788.154，满意度：83.2
迭代：192，类型：定向，适应值：(7176.3088,)，车辆：12，距离：1788.154，满意度：83.2
迭代：193，类型：定向，适应值：(7176.3088,)，车辆：12，距离：1788.154，满意度：83.2
迭代：194，类型：定向，适应值：(7176.3088,)，车辆：12，距离：1788.154，满意度：83.2
迭代：195，类型：定向，适应值：(7176.3088,)，车辆：12，距离：1788.154，满意度：83.2
迭代：196，类型：定向，适应值：(7176.3088,)，车辆：12，距离：1788.154，满意度：83.2
迭代：197，类型：定向，适应值：(7148.9565,)，车辆：12，距离：1801.478，满意度：83.47
迭代：198，类型：定向，适应值：(7148.9565,)，车辆：12，距离：1801.478，满意度：83.47
迭代：199，类型：定向，适应值：(7148.9565,)，车辆：12，距离：1801.478，满意度：83.47
迭代：200，类型：定向，适应值：(7146.0582,)，车辆：12，距离：1800.029，满意度：83.47
迭代：201，类型：定向，适应值：(7146.0582,)，车辆：12，距离：1800.029，满意度：83.47
迭代：202，类型：定向，适应值：(7125.3274,)，车辆：12，距离：1762.664，满意度：83.2
迭代：203，类型：定向，适应值：(7125.3274,)，车辆：12，距离：1762.664，满意度：83.2
迭代：204，类型：定向，适应值：(7125.3274,)，车辆：12，距离：1762.664，满意度：83.2
迭代：205，类型：定向，适应值：(7125.3274,)，车辆：12，距离：1762.664，满意度：83.2
迭代：206，类型：定向，适应值：(7109.0287,)，车辆：12，距离：1821.514，满意度：83.87
迭代：207，类型：定向，适应值：(7109.0287,)，车辆：12，距离：1821.514，满意度：83.87
迭代：208，类型：定向，适应值：(7109.0287,)，车辆：12，距离：1821.514，满意度：83.87
迭代：209，类型：定向，适应值：(7109.0287,)，车辆：12，距离：1821.514，满意度：83.87
迭代：210，类型：定向，适应值：(7109.0287,)，车辆：12，距离：1821.514，满意度：83.87
迭代：211，类型：定向，适应值：(7109.0287,)，车辆：12，距离：1821.514，满意度：83.87
迭代：212，类型：定向，适应值：(7109.0287,)，车辆：12，距离：1821.514，满意度：83.87
迭代：213，类型：定向，适应值：(7109.0287,)，车辆：12，距离：1821.514，满意度：83.87
迭代：214，类型：定向，适应值：(7109.0287,)，车辆：12，距离：1821.514，满意度：83.87
迭代：215，类型：定向，适应值：(7109.0287,)，车辆：12，距离：1821.514，满意度：83.87
迭代：216，类型：定向，适应值：(7109.0287,)，车辆：12，距离：1821.514，满意度：83.87
迭代：217，类型：定向，适应值：(7109.0287,)，车辆：12，距离：1821.514，满意度：83.87
迭代：218，类型：定向，适应值：(7109.0287,)，车辆：12，距离：1821.514，满意度：83.87
迭代：219，类型：定向，适应值：(7109.0287,)，车辆：12，距离：1821.514，满意度：83.87
迭代：220，类型：定向，适应值：(7109.0287,)，车辆：12，距离：1821.514，满意度：83.87
迭代：221，类型：定向，适应值：(7109.0287,)，车辆：12，距离：1821.514，满意度：83.87
迭代：222，类型：定向，适应值：(7042.1863,)，车辆：12，距离：1768.093，满意度：83.67
迭代：223，类型：定向，适应值：(7042.1863,)，车辆：12，距离：1768.093，满意度：83.67
迭代：224，类型：定向，适应值：(7042.1863,)，车辆：12，距离：1768.093，满意度：83.67
迭代：225，类型：定向，适应值：(7042.1863,)，车辆：12，距离：1768.093，满意度：83.67
迭代：226，类型：定向，适应值：(7042.1863,)，车辆：12，距离：1768.093，满意度：83.67
迭代：227，类型：定向，适应值：(7037.3973,)，车辆：12，距离：1771.699，满意度：83.73
迭代：228，类型：定向，适应值：(7037.3973,)，车辆：12，距离：1771.699，满意度：83.73
迭代：229，类型：定向，适应值：(7037.3973,)，车辆：12，距离：1771.699，满意度：83.73
迭代：230，类型：定向，适应值：(7037.3973,)，车辆：12，距离：1771.699，满意度：83.73
迭代：231，类型：定向，适应值：(7037.3973,)，车辆：12，距离：1771.699，满意度：83.73
迭代：232，类型：定向，适应值：(7037.3973,)，车辆：12，距离：1771.699，满意度：83.73
迭代：233，类型：定向，适应值：(7037.3973,)，车辆：12，距离：1771.699，满意度：83.73
迭代：234，类型：定向，适应值：(7037.3973,)，车辆：12，距离：1771.699，满意度：83.73
迭代：235，类型：定向，适应值：(7036.9731,)，车辆：12，距离：1771.487，满意度：83.73
迭代：236，类型：定向，适应值：(7036.9731,)，车辆：12，距离：1771.487，满意度：83.73
迭代：237，类型：定向，适应值：(7036.9731,)，车辆：12，距离：1771.487，满意度：83.73
迭代：238，类型：定向，适应值：(7036.9731,)，车辆：12，距离：1771.487，满意度：83.73
迭代：239，类型：定向，适应值：(7036.9731,)，车辆：12，距离：1771.487，满意度：83.73
迭代：240，类型：定向，适应值：(7036.9731,)，车辆：12，距离：1771.487，满意度：83.73
迭代：241，类型：定向，适应值：(7036.9731,)，车辆：12，距离：1771.487，满意度：83.73
迭代：242，类型：定向，适应值：(7036.9731,)，车辆：12，距离：1771.487，满意度：83.73
迭代：243，类型：定向，适应值：(7036.9731,)，车辆：12，距离：1771.487，满意度：83.73
迭代：244，类型：定向，适应值：(7036.9731,)，车辆：12，距离：1771.487，满意度：83.73
迭代：245，类型：定向，适应值：(7018.0932,)，车辆：12，距离：1789.047，满意度：84.0
迭代：246，类型：定向，适应值：(6979.8389,)，车辆：12，距离：1776.919，满意度：84.07
迭代：247，类型：定向，适应值：(6979.8389,)，车辆：12，距离：1776.919，满意度：84.07
迭代：248，类型：定向，适应值：(6979.8389,)，车辆：12，距离：1776.919，满意度：84.07
迭代：249，类型：定向，适应值：(6979.8389,)，车辆：12，距离：1776.919，满意度：84.07
迭代：250，类型：定向，适应值：(6979.8389,)，车辆：12，距离：1776.919，满意度：84.07
迭代：251，类型：定向，适应值：(6979.8389,)，车辆：12，距离：1776.919，满意度：84.07
迭代：252，类型：定向，适应值：(6979.8389,)，车辆：12，距离：1776.919，满意度：84.07
迭代：253，类型：定向，适应值：(6979.8389,)，车辆：12，距离：1776.919，满意度：84.07
迭代：254，类型：定向，适应值：(6844.9441,)，车辆：12，距离：1795.472，满意度：84.93
迭代：255，类型：定向，适应值：(6844.9441,)，车辆：12，距离：1795.472，满意度：84.93
迭代：256，类型：定向，适应值：(6746.1727,)，车辆：12，距离：1853.086，满意度：86.0
迭代：257，类型：定向，适应值：(6746.1727,)，车辆：12，距离：1853.086，满意度：86.0
迭代：258，类型：定向，适应值：(6746.1727,)，车辆：12，距离：1853.086，满意度：86.0
迭代：259，类型：定向，适应值：(6609.278,)，车辆：12，距离：1871.639，满意度：86.87
迭代：260，类型：定向，适应值：(6609.278,)，车辆：12，距离：1871.639，满意度：86.87
迭代：261，类型：定向，适应值：(6609.278,)，车辆：12，距离：1871.639，满意度：86.87
迭代：262，类型：定向，适应值：(6609.278,)，车辆：12，距离：1871.639，满意度：86.87
迭代：263，类型：定向，适应值：(6609.278,)，车辆：12，距离：1871.639，满意度：86.87
迭代：264，类型：定向，适应值：(6609.278,)，车辆：12，距离：1871.639，满意度：86.87
迭代：265，类型：定向，适应值：(6609.278,)，车辆：12，距离：1871.639，满意度：86.87
迭代：266，类型：定向，适应值：(6609.278,)，车辆：12，距离：1871.639，满意度：86.87
迭代：267，类型：定向，适应值：(6609.278,)，车辆：12，距离：1871.639，满意度：86.87
迭代：268，类型：定向，适应值：(6609.278,)，车辆：12，距离：1871.639，满意度：86.87
迭代：269，类型：定向，适应值：(6608.6864,)，车辆：12，距离：1871.343，满意度：86.87
迭代：270，类型：定向，适应值：(6608.6864,)，车辆：12，距离：1871.343，满意度：86.87
迭代：271，类型：定向，适应值：(6608.6864,)，车辆：12，距离：1871.343，满意度：86.87
迭代：272，类型：定向，适应值：(6608.6864,)，车辆：12，距离：1871.343，满意度：86.87
迭代：273，类型：定向，适应值：(6608.6864,)，车辆：12，距离：1871.343，满意度：86.87
迭代：274，类型：定向，适应值：(6608.6864,)，车辆：12，距离：1871.343，满意度：86.87
迭代：275，类型：定向，适应值：(6608.6864,)，车辆：12，距离：1871.343，满意度：86.87
迭代：276，类型：定向，适应值：(6608.6864,)，车辆：12，距离：1871.343，满意度：86.87
迭代：277，类型：定向，适应值：(6608.6864,)，车辆：12，距离：1871.343，满意度：86.87
迭代：278，类型：定向，适应值：(6608.6864,)，车辆：12，距离：1871.343，满意度：86.87
迭代：279，类型：定向，适应值：(6608.6864,)，车辆：12，距离：1871.343，满意度：86.87
迭代：280，类型：定向，适应值：(6608.6864,)，车辆：12，距离：1871.343，满意度：86.87
迭代：281，类型：定向，适应值：(6608.6864,)，车辆：12，距离：1871.343，满意度：86.87
迭代：282，类型：定向，适应值：(6608.6864,)，车辆：12，距离：1871.343，满意度：86.87
迭代：283，类型：定向，适应值：(6608.6864,)，车辆：12，距离：1871.343，满意度：86.87
迭代：284，类型：定向，适应值：(6608.6864,)，车辆：12，距离：1871.343，满意度：86.87
迭代：285，类型：定向，适应值：(6608.6864,)，车辆：12，距离：1871.343，满意度：86.87
迭代：286，类型：定向，适应值：(6608.6864,)，车辆：12，距离：1871.343，满意度：86.87
迭代：287，类型：定向，适应值：(6608.6864,)，车辆：12，距离：1871.343，满意度：86.87
迭代：288，类型：定向，适应值：(6608.6864,)，车辆：12，距离：1871.343，满意度：86.87
迭代：289，类型：定向，适应值：(6608.6864,)，车辆：12，距离：1871.343，满意度：86.87
迭代：290，类型：定向，适应值：(6608.6864,)，车辆：12，距离：1871.343，满意度：86.87
迭代：291，类型：定向，适应值：(6608.6864,)，车辆：12，距离：1871.343，满意度：86.87
迭代：292，类型：定向，适应值：(6608.6864,)，车辆：12，距离：1871.343，满意度：86.87
迭代：293，类型：定向，适应值：(6608.6864,)，车辆：12，距离：1871.343，满意度：86.87
迭代：294，类型：定向，适应值：(6608.6864,)，车辆：12，距离：1871.343，满意度：86.87
迭代：295，类型：定向，适应值：(6608.6864,)，车辆：12，距离：1871.343，满意度：86.87
迭代：296，类型：定向，适应值：(6608.6864,)，车辆：12，距离：1871.343，满意度：86.87
迭代：297，类型：定向，适应值：(6608.6864,)，车辆：12，距离：1871.343，满意度：86.87
迭代：298，类型：定向，适应值：(6608.6864,)，车辆：12，距离：1871.343，满意度：86.87
迭代：299，类型：定向，适应值：(6608.6864,)，车辆：12，距离：1871.343，满意度：86.87
迭代：300，类型：定向，适应值：(6608.6864,)，车辆：12，距离：1871.343，满意度：86.87
迭代：301，类型：定向，适应值：(6608.6864,)，车辆：12，距离：1871.343，满意度：86.87
迭代：302，类型：定向，适应值：(6608.6864,)，车辆：12，距离：1871.343，满意度：86.87
迭代：303，类型：定向，适应值：(6608.6864,)，车辆：12，距离：1871.343，满意度：86.87
迭代：304，类型：定向，适应值：(6608.6864,)，车辆：12，距离：1871.343，满意度：86.87
迭代：305，类型：定向，适应值：(6590.6864,)，车辆：12，距离：1875.343，满意度：87.0
迭代：306，类型：定向，适应值：(6590.6864,)，车辆：12，距离：1875.343，满意度：87.0
迭代：307，类型：定向，适应值：(6590.6864,)，车辆：12，距离：1875.343，满意度：87.0
迭代：308，类型：定向，适应值：(6590.6864,)，车辆：12，距离：1875.343，满意度：87.0
迭代：309，类型：定向，适应值：(6590.6864,)，车辆：12，距离：1875.343，满意度：87.0
迭代：310，类型：定向，适应值：(6590.6864,)，车辆：12，距离：1875.343，满意度：87.0
迭代：311，类型：定向，适应值：(6590.6864,)，车辆：12，距离：1875.343，满意度：87.0
迭代：312，类型：定向，适应值：(6590.6864,)，车辆：12，距离：1875.343，满意度：87.0
迭代：313，类型：定向，适应值：(6590.6864,)，车辆：12，距离：1875.343，满意度：87.0
迭代：314，类型：定向，适应值：(6590.6864,)，车辆：12，距离：1875.343，满意度：87.0
迭代：315，类型：定向，适应值：(6584.7232,)，车辆：12，距离：1872.362，满意度：87.0
迭代：316，类型：定向，适应值：(6584.7232,)，车辆：12，距离：1872.362，满意度：87.0
迭代：317，类型：定向，适应值：(6584.7232,)，车辆：12，距离：1872.362，满意度：87.0
迭代：318，类型：定向，适应值：(6584.7232,)，车辆：12，距离：1872.362，满意度：87.0
迭代：319，类型：定向，适应值：(6584.7232,)，车辆：12，距离：1872.362，满意度：87.0
迭代：320，类型：定向，适应值：(6584.7232,)，车辆：12，距离：1872.362，满意度：87.0
迭代：321，类型：定向，适应值：(6584.7232,)，车辆：12，距离：1872.362，满意度：87.0
迭代：322，类型：定向，适应值：(6584.7232,)，车辆：12，距离：1872.362，满意度：87.0
迭代：323，类型：定向，适应值：(6584.7232,)，车辆：12，距离：1872.362，满意度：87.0
迭代：324，类型：定向，适应值：(6584.7232,)，车辆：12，距离：1872.362，满意度：87.0
迭代：325，类型：定向，适应值：(6584.7232,)，车辆：12，距离：1872.362，满意度：87.0
迭代：326，类型：定向，适应值：(6584.7232,)，车辆：12，距离：1872.362，满意度：87.0
迭代：327，类型：定向，适应值：(6584.7232,)，车辆：12，距离：1872.362，满意度：87.0
迭代：328，类型：定向，适应值：(6584.7232,)，车辆：12，距离：1872.362，满意度：87.0
迭代：329，类型：定向，适应值：(6584.7232,)，车辆：12，距离：1872.362，满意度：87.0
迭代：330，类型：定向，适应值：(6584.7232,)，车辆：12，距离：1872.362，满意度：87.0
迭代：331，类型：定向，适应值：(6579.9529,)，车辆：12，距离：1869.976，满意度：87.0
迭代：332，类型：定向，适应值：(6579.9529,)，车辆：12，距离：1869.976，满意度：87.0
迭代：333，类型：定向，适应值：(6579.9529,)，车辆：12，距离：1869.976，满意度：87.0
迭代：334，类型：定向，适应值：(6579.9529,)，车辆：12，距离：1869.976，满意度：87.0
迭代：335，类型：定向，适应值：(6579.9529,)，车辆：12，距离：1869.976，满意度：87.0
迭代：336，类型：定向，适应值：(6579.9529,)，车辆：12，距离：1869.976，满意度：87.0
迭代：337，类型：定向，适应值：(6579.9529,)，车辆：12，距离：1869.976，满意度：87.0
迭代：338，类型：定向，适应值：(6579.9529,)，车辆：12，距离：1869.976，满意度：87.0
迭代：339，类型：定向，适应值：(6579.9529,)，车辆：12，距离：1869.976，满意度：87.0
迭代：340，类型：定向，适应值：(6579.9529,)，车辆：12，距离：1869.976，满意度：87.0
迭代：341，类型：定向，适应值：(6579.9529,)，车辆：12，距离：1869.976，满意度：87.0
迭代：342，类型：定向，适应值：(6579.9529,)，车辆：12，距离：1869.976，满意度：87.0
迭代：343，类型：定向，适应值：(6579.9529,)，车辆：12，距离：1869.976，满意度：87.0
迭代：344，类型：定向，适应值：(6579.9529,)，车辆：12，距离：1869.976，满意度：87.0
迭代：345，类型：定向，适应值：(6556.653,)，车辆：12，距离：1858.327，满意度：87.0
迭代：346，类型：定向，适应值：(6556.653,)，车辆：12，距离：1858.327，满意度：87.0
迭代：347，类型：定向，适应值：(6556.653,)，车辆：12，距离：1858.327，满意度：87.0
迭代：348，类型：定向，适应值：(6556.653,)，车辆：12，距离：1858.327，满意度：87.0
迭代：349，类型：定向，适应值：(6556.653,)，车辆：12，距离：1858.327，满意度：87.0
迭代：350，类型：定向，适应值：(6556.653,)，车辆：12，距离：1858.327，满意度：87.0
迭代：351，类型：定向，适应值：(6556.653,)，车辆：12，距离：1858.327，满意度：87.0
迭代：352，类型：定向，适应值：(6556.653,)，车辆：12，距离：1858.327，满意度：87.0
迭代：353，类型：定向，适应值：(6556.653,)，车辆：12，距离：1858.327，满意度：87.0
迭代：354，类型：定向，适应值：(6556.653,)，车辆：12，距离：1858.327，满意度：87.0
迭代：355，类型：定向，适应值：(6548.7044,)，车辆：12，距离：1854.352，满意度：87.0
迭代：356，类型：定向，适应值：(6548.7044,)，车辆：12，距离：1854.352，满意度：87.0
迭代：357，类型：定向，适应值：(6548.7044,)，车辆：12，距离：1854.352，满意度：87.0
迭代：358，类型：定向，适应值：(6548.7044,)，车辆：12，距离：1854.352，满意度：87.0
迭代：359，类型：定向，适应值：(6548.7044,)，车辆：12，距离：1854.352，满意度：87.0
迭代：360，类型：定向，适应值：(6548.7044,)，车辆：12，距离：1854.352，满意度：87.0
迭代：361，类型：定向，适应值：(6548.7044,)，车辆：12，距离：1854.352，满意度：87.0
迭代：362，类型：定向，适应值：(6548.7044,)，车辆：12，距离：1854.352，满意度：87.0
迭代：363，类型：定向，适应值：(6548.7044,)，车辆：12，距离：1854.352，满意度：87.0
迭代：364，类型：定向，适应值：(6548.7044,)，车辆：12，距离：1854.352，满意度：87.0
迭代：365，类型：定向，适应值：(6548.7044,)，车辆：12，距离：1854.352，满意度：87.0
迭代：366，类型：定向，适应值：(6548.7044,)，车辆：12，距离：1854.352，满意度：87.0
迭代：367，类型：定向，适应值：(6548.7044,)，车辆：12，距离：1854.352，满意度：87.0
迭代：368，类型：定向，适应值：(6548.7044,)，车辆：12，距离：1854.352，满意度：87.0
迭代：369，类型：定向，适应值：(6541.7848,)，车辆：12，距离：1850.892，满意度：87.0
迭代：370，类型：定向，适应值：(6541.7848,)，车辆：12，距离：1850.892，满意度：87.0
迭代：371，类型：定向，适应值：(6541.7848,)，车辆：12，距离：1850.892，满意度：87.0
迭代：372，类型：定向，适应值：(6541.7848,)，车辆：12，距离：1850.892，满意度：87.0
迭代：373，类型：定向，适应值：(6541.7848,)，车辆：12，距离：1850.892，满意度：87.0
迭代：374，类型：定向，适应值：(6541.7848,)，车辆：12，距离：1850.892，满意度：87.0
迭代：375，类型：定向，适应值：(6541.7848,)，车辆：12，距离：1850.892，满意度：87.0
迭代：376，类型：定向，适应值：(6541.7848,)，车辆：12，距离：1850.892，满意度：87.0
迭代：377，类型：定向，适应值：(6528.5787,)，车辆：12，距离：1844.289，满意度：87.0
迭代：378，类型：定向，适应值：(6528.5787,)，车辆：12，距离：1844.289，满意度：87.0
迭代：379，类型：定向，适应值：(6528.5787,)，车辆：12，距离：1844.289，满意度：87.0
迭代：380，类型：定向，适应值：(6528.5787,)，车辆：12，距离：1844.289，满意度：87.0
迭代：381，类型：定向，适应值：(6528.5787,)，车辆：12，距离：1844.289，满意度：87.0
迭代：382，类型：定向，适应值：(6528.5787,)，车辆：12，距离：1844.289，满意度：87.0
迭代：383，类型：定向，适应值：(6528.5787,)，车辆：12，距离：1844.289，满意度：87.0
迭代：384，类型：定向，适应值：(6528.5787,)，车辆：12，距离：1844.289，满意度：87.0
迭代：385，类型：定向，适应值：(6528.5787,)，车辆：12，距离：1844.289，满意度：87.0
迭代：386，类型：定向，适应值：(6528.5787,)，车辆：12，距离：1844.289，满意度：87.0
迭代：387，类型：定向，适应值：(6528.5787,)，车辆：12，距离：1844.289，满意度：87.0
迭代：388，类型：定向，适应值：(6528.5787,)，车辆：12，距离：1844.289，满意度：87.0
迭代：389，类型：定向，适应值：(6528.5787,)，车辆：12，距离：1844.289，满意度：87.0
迭代：390，类型：定向，适应值：(6528.5787,)，车辆：12，距离：1844.289，满意度：87.0
迭代：391，类型：定向，适应值：(6528.5787,)，车辆：12，距离：1844.289，满意度：87.0
迭代：392，类型：定向，适应值：(6528.5787,)，车辆：12，距离：1844.289，满意度：87.0
迭代：393，类型：定向，适应值：(6528.5787,)，车辆：12，距离：1844.289，满意度：87.0
迭代：394，类型：定向，适应值：(6524.5433,)，车辆：12，距离：1842.272，满意度：87.0
迭代：395，类型：定向，适应值：(6444.4521,)，车辆：12，距离：1802.226，满意度：87.0
迭代：396，类型：定向，适应值：(6444.4521,)，车辆：12，距离：1802.226，满意度：87.0
迭代：397，类型：定向，适应值：(6444.4521,)，车辆：12，距离：1802.226，满意度：87.0
迭代：398，类型：定向，适应值：(6444.4521,)，车辆：12，距离：1802.226，满意度：87.0
迭代：399，类型：定向，适应值：(6440.4167,)，车辆：12，距离：1800.208，满意度：87.0
迭代：400，类型：定向，适应值：(6440.4167,)，车辆：12，距离：1800.208，满意度：87.0
迭代：401，类型：定向，适应值：(6440.4167,)，车辆：12，距离：1800.208，满意度：87.0
迭代：402，类型：定向，适应值：(6440.4167,)，车辆：12，距离：1800.208，满意度：87.0
迭代：403，类型：定向，适应值：(6440.4167,)，车辆：12，距离：1800.208，满意度：87.0
迭代：404，类型：定向，适应值：(6440.4167,)，车辆：12，距离：1800.208，满意度：87.0
迭代：405，类型：定向，适应值：(6440.4167,)，车辆：12，距离：1800.208，满意度：87.0
迭代：406，类型：定向，适应值：(6440.4167,)，车辆：12，距离：1800.208，满意度：87.0
迭代：407，类型：定向，适应值：(6440.4167,)，车辆：12，距离：1800.208，满意度：87.0
迭代：408，类型：定向，适应值：(6440.4167,)，车辆：12，距离：1800.208，满意度：87.0
迭代：409，类型：定向，适应值：(6440.4167,)，车辆：12，距离：1800.208，满意度：87.0
迭代：410，类型：定向，适应值：(6440.4167,)，车辆：12，距离：1800.208，满意度：87.0
迭代：411，类型：定向，适应值：(6440.4167,)，车辆：12，距离：1800.208，满意度：87.0
迭代：412，类型：定向，适应值：(6440.4167,)，车辆：12，距离：1800.208，满意度：87.0
迭代：413，类型：定向，适应值：(6440.4167,)，车辆：12，距离：1800.208，满意度：87.0
迭代：414，类型：定向，适应值：(6440.4167,)，车辆：12，距离：1800.208，满意度：87.0
迭代：415，类型：定向，适应值：(6440.4167,)，车辆：12，距离：1800.208，满意度：87.0
迭代：416，类型：定向，适应值：(6440.4167,)，车辆：12，距离：1800.208，满意度：87.0
迭代：417，类型：定向，适应值：(6440.4167,)，车辆：12，距离：1800.208，满意度：87.0
迭代：418，类型：定向，适应值：(6440.4167,)，车辆：12，距离：1800.208，满意度：87.0
迭代：419，类型：定向，适应值：(6440.4167,)，车辆：12，距离：1800.208，满意度：87.0
迭代：420，类型：定向，适应值：(6440.4167,)，车辆：12，距离：1800.208，满意度：87.0
迭代：421，类型：定向，适应值：(6440.4167,)，车辆：12，距离：1800.208，满意度：87.0
迭代：422，类型：定向，适应值：(6440.4167,)，车辆：12，距离：1800.208，满意度：87.0
迭代：423，类型：定向，适应值：(6440.4167,)，车辆：12，距离：1800.208，满意度：87.0
迭代：424，类型：定向，适应值：(6440.4167,)，车辆：12，距离：1800.208，满意度：87.0
迭代：425，类型：定向，适应值：(6440.4167,)，车辆：12，距离：1800.208，满意度：87.0
迭代：426，类型：定向，适应值：(6440.4167,)，车辆：12，距离：1800.208，满意度：87.0
迭代：427，类型：定向，适应值：(6440.4167,)，车辆：12，距离：1800.208，满意度：87.0
迭代：428，类型：定向，适应值：(6440.4167,)，车辆：12，距离：1800.208，满意度：87.0
迭代：429，类型：定向，适应值：(6440.4167,)，车辆：12，距离：1800.208，满意度：87.0
迭代：430，类型：定向，适应值：(6440.4167,)，车辆：12，距离：1800.208，满意度：87.0
迭代：431，类型：定向，适应值：(6440.4167,)，车辆：12，距离：1800.208，满意度：87.0
迭代：432，类型：定向，适应值：(6440.4167,)，车辆：12，距离：1800.208，满意度：87.0
迭代：433，类型：定向，适应值：(6440.4167,)，车辆：12，距离：1800.208，满意度：87.0
迭代：434，类型：定向，适应值：(6440.4167,)，车辆：12，距离：1800.208，满意度：87.0
迭代：435，类型：定向，适应值：(6440.4167,)，车辆：12，距离：1800.208，满意度：87.0
迭代：436，类型：定向，适应值：(6440.4167,)，车辆：12，距离：1800.208，满意度：87.0
迭代：437，类型：定向，适应值：(6430.3607,)，车辆：12，距离：1795.18，满意度：87.0
迭代：438，类型：定向，适应值：(6430.3607,)，车辆：12，距离：1795.18，满意度：87.0
迭代：439，类型：定向，适应值：(6430.3607,)，车辆：12，距离：1795.18，满意度：87.0
迭代：440，类型：定向，适应值：(6430.3607,)，车辆：12，距离：1795.18，满意度：87.0
迭代：441，类型：定向，适应值：(6430.3607,)，车辆：12，距离：1795.18，满意度：87.0
迭代：442，类型：定向，适应值：(6429.7969,)，车辆：12，距离：1794.898，满意度：87.0
迭代：443，类型：定向，适应值：(6429.7969,)，车辆：12，距离：1794.898，满意度：87.0
迭代：444，类型：定向，适应值：(6429.7969,)，车辆：12，距离：1794.898，满意度：87.0
迭代：445，类型：定向，适应值：(6429.7969,)，车辆：12，距离：1794.898，满意度：87.0
迭代：446，类型：定向，适应值：(6429.7969,)，车辆：12，距离：1794.898，满意度：87.0
迭代：447，类型：定向，适应值：(6429.7969,)，车辆：12，距离：1794.898，满意度：87.0
迭代：448，类型：定向，适应值：(6429.7969,)，车辆：12，距离：1794.898，满意度：87.0
迭代：449，类型：定向，适应值：(6429.7969,)，车辆：12，距离：1794.898，满意度：87.0
迭代：450，类型：定向，适应值：(6429.7969,)，车辆：12，距离：1794.898，满意度：87.0
迭代：451，类型：定向，适应值：(6429.7969,)，车辆：12，距离：1794.898，满意度：87.0
迭代：452，类型：定向，适应值：(6426.0746,)，车辆：12，距离：1793.037，满意度：87.0
迭代：453，类型：定向，适应值：(6426.0746,)，车辆：12，距离：1793.037，满意度：87.0
迭代：454，类型：定向，适应值：(6426.0746,)，车辆：12，距离：1793.037，满意度：87.0
迭代：455，类型：定向，适应值：(6426.0746,)，车辆：12，距离：1793.037，满意度：87.0
迭代：456，类型：定向，适应值：(6426.0746,)，车辆：12，距离：1793.037，满意度：87.0
迭代：457，类型：定向，适应值：(6426.0746,)，车辆：12，距离：1793.037，满意度：87.0
迭代：458，类型：定向，适应值：(6426.0746,)，车辆：12，距离：1793.037，满意度：87.0
迭代：459，类型：定向，适应值：(6426.0746,)，车辆：12，距离：1793.037，满意度：87.0
迭代：460，类型：定向，适应值：(6426.0746,)，车辆：12，距离：1793.037，满意度：87.0
迭代：461，类型：定向，适应值：(6426.0746,)，车辆：12，距离：1793.037，满意度：87.0
迭代：462，类型：定向，适应值：(6426.0746,)，车辆：12，距离：1793.037，满意度：87.0
迭代：463，类型：定向，适应值：(6426.0746,)，车辆：12，距离：1793.037，满意度：87.0
迭代：464，类型：定向，适应值：(6426.0746,)，车辆：12，距离：1793.037，满意度：87.0
迭代：465，类型：定向，适应值：(6426.0746,)，车辆：12，距离：1793.037，满意度：87.0
迭代：466，类型：定向，适应值：(6426.0746,)，车辆：12，距离：1793.037，满意度：87.0
迭代：467，类型：定向，适应值：(6426.0746,)，车辆：12，距离：1793.037，满意度：87.0
迭代：468，类型：定向，适应值：(6426.0746,)，车辆：12，距离：1793.037，满意度：87.0
迭代：469，类型：定向，适应值：(6426.0746,)，车辆：12，距离：1793.037，满意度：87.0
迭代：470，类型：定向，适应值：(6426.0746,)，车辆：12，距离：1793.037，满意度：87.0
迭代：471，类型：定向，适应值：(6426.0746,)，车辆：12，距离：1793.037，满意度：87.0
迭代：472，类型：定向，适应值：(6426.0746,)，车辆：12，距离：1793.037，满意度：87.0
迭代：473，类型：定向，适应值：(6426.0746,)，车辆：12，距离：1793.037，满意度：87.0
迭代：474，类型：定向，适应值：(6426.0746,)，车辆：12，距离：1793.037，满意度：87.0
迭代：475，类型：定向，适应值：(6426.0746,)，车辆：12，距离：1793.037，满意度：87.0
迭代：476，类型：定向，适应值：(6426.0746,)，车辆：12，距离：1793.037，满意度：87.0
迭代：477，类型：定向，适应值：(6426.0746,)，车辆：12，距离：1793.037，满意度：87.0
迭代：478，类型：定向，适应值：(6426.0746,)，车辆：12，距离：1793.037，满意度：87.0
迭代：479，类型：定向，适应值：(6414.0701,)，车辆：12，距离：1800.035，满意度：87.13
迭代：480，类型：定向，适应值：(6414.0701,)，车辆：12，距离：1800.035，满意度：87.13
迭代：481，类型：定向，适应值：(6414.0701,)，车辆：12，距离：1800.035，满意度：87.13
迭代：482，类型：定向，适应值：(6414.0701,)，车辆：12，距离：1800.035，满意度：87.13
迭代：483，类型：定向，适应值：(6414.0701,)，车辆：12，距离：1800.035，满意度：87.13
迭代：484，类型：定向，适应值：(6414.0701,)，车辆：12，距离：1800.035，满意度：87.13
迭代：485，类型：定向，适应值：(6414.0701,)，车辆：12，距离：1800.035，满意度：87.13
迭代：486，类型：定向，适应值：(6414.0701,)，车辆：12，距离：1800.035，满意度：87.13
迭代：487，类型：定向，适应值：(6414.0701,)，车辆：12，距离：1800.035，满意度：87.13
迭代：488，类型：定向，适应值：(6414.0701,)，车辆：12，距离：1800.035，满意度：87.13
迭代：489，类型：定向，适应值：(6414.0701,)，车辆：12，距离：1800.035，满意度：87.13
迭代：490，类型：定向，适应值：(6414.0701,)，车辆：12，距离：1800.035，满意度：87.13
迭代：491，类型：定向，适应值：(6414.0701,)，车辆：12，距离：1800.035，满意度：87.13
迭代：492，类型：定向，适应值：(6414.0701,)，车辆：12，距离：1800.035，满意度：87.13
迭代：493，类型：定向，适应值：(6414.0701,)，车辆：12，距离：1800.035，满意度：87.13
迭代：494，类型：定向，适应值：(6414.0701,)，车辆：12，距离：1800.035，满意度：87.13
迭代：495，类型：定向，适应值：(6414.0701,)，车辆：12，距离：1800.035，满意度：87.13
迭代：496，类型：定向，适应值：(6414.0701,)，车辆：12，距离：1800.035，满意度：87.13
迭代：497，类型：定向，适应值：(6414.0701,)，车辆：12，距离：1800.035，满意度：87.13
迭代：498，类型：定向，适应值：(6414.0701,)，车辆：12，距离：1800.035，满意度：87.13
迭代：499，类型：定向，适应值：(6414.0701,)，车辆：12，距离：1800.035，满意度：87.13
迭代：500，类型：定向，适应值：(6414.0701,)，车辆：12，距离：1800.035，满意度：87.13
迭代：501，类型：定向，适应值：(6414.0701,)，车辆：12，距离：1800.035，满意度：87.13
迭代：502，类型：定向，适应值：(6414.0701,)，车辆：12，距离：1800.035，满意度：87.13
迭代：503，类型：定向，适应值：(6414.0701,)，车辆：12，距离：1800.035，满意度：87.13
迭代：504，类型：定向，适应值：(6414.0701,)，车辆：12，距离：1800.035，满意度：87.13
迭代：505，类型：定向，适应值：(6414.0701,)，车辆：12，距离：1800.035，满意度：87.13
迭代：506，类型：定向，适应值：(6414.0701,)，车辆：12，距离：1800.035，满意度：87.13
迭代：507，类型：定向，适应值：(6414.0701,)，车辆：12，距离：1800.035，满意度：87.13
迭代：508，类型：定向，适应值：(6414.0701,)，车辆：12，距离：1800.035，满意度：87.13
迭代：509，类型：定向，适应值：(6414.0701,)，车辆：12，距离：1800.035，满意度：87.13
迭代：510，类型：定向，适应值：(6414.0701,)，车辆：12，距离：1800.035，满意度：87.13
迭代：511，类型：定向，适应值：(6414.0701,)，车辆：12，距离：1800.035，满意度：87.13
迭代：512，类型：定向，适应值：(6414.0701,)，车辆：12，距离：1800.035，满意度：87.13
迭代：513，类型：定向，适应值：(6414.0701,)，车辆：12，距离：1800.035，满意度：87.13
迭代：514，类型：定向，适应值：(6414.0701,)，车辆：12，距离：1800.035，满意度：87.13
迭代：515，类型：定向，适应值：(6414.0701,)，车辆：12，距离：1800.035，满意度：87.13
迭代：516，类型：定向，适应值：(6414.0701,)，车辆：12，距离：1800.035，满意度：87.13
迭代：517，类型：定向，适应值：(6414.0701,)，车辆：12，距离：1800.035，满意度：87.13
迭代：518，类型：定向，适应值：(6414.0701,)，车辆：12，距离：1800.035，满意度：87.13
迭代：519，类型：定向，适应值：(6414.0701,)，车辆：12，距离：1800.035，满意度：87.13
迭代：520，类型：定向，适应值：(6402.9409,)，车辆：12，距离：1794.47，满意度：87.13
迭代：521，类型：定向，适应值：(6402.9409,)，车辆：12，距离：1794.47，满意度：87.13
迭代：522，类型：定向，适应值：(6402.9409,)，车辆：12，距离：1794.47，满意度：87.13
迭代：523，类型：定向，适应值：(6402.9409,)，车辆：12，距离：1794.47，满意度：87.13
迭代：524，类型：定向，适应值：(6400.855,)，车辆：12，距离：1793.428，满意度：87.13
迭代：525，类型：定向，适应值：(6400.855,)，车辆：12，距离：1793.428，满意度：87.13
迭代：526，类型：定向，适应值：(6400.855,)，车辆：12，距离：1793.428，满意度：87.13
迭代：527，类型：定向，适应值：(6399.9748,)，车辆：12，距离：1799.987，满意度：87.2
迭代：528，类型：定向，适应值：(6399.9748,)，车辆：12，距离：1799.987，满意度：87.2
迭代：529，类型：定向，适应值：(6399.9748,)，车辆：12，距离：1799.987，满意度：87.2
迭代：530，类型：定向，适应值：(6399.9748,)，车辆：12，距离：1799.987，满意度：87.2
迭代：531，类型：定向，适应值：(6399.9748,)，车辆：12，距离：1799.987，满意度：87.2
迭代：532，类型：定向，适应值：(6399.9748,)，车辆：12，距离：1799.987，满意度：87.2
迭代：533，类型：定向，适应值：(6399.9748,)，车辆：12，距离：1799.987，满意度：87.2
迭代：534，类型：定向，适应值：(6399.9748,)，车辆：12，距离：1799.987，满意度：87.2
迭代：535，类型：定向，适应值：(6399.9748,)，车辆：12，距离：1799.987，满意度：87.2
迭代：536，类型：定向，适应值：(6399.9748,)，车辆：12，距离：1799.987，满意度：87.2
迭代：537，类型：定向，适应值：(6399.9748,)，车辆：12，距离：1799.987，满意度：87.2
迭代：538，类型：定向，适应值：(6399.9748,)，车辆：12，距离：1799.987，满意度：87.2
迭代：539，类型：定向，适应值：(6399.9748,)，车辆：12，距离：1799.987，满意度：87.2
迭代：540，类型：定向，适应值：(6399.9748,)，车辆：12，距离：1799.987，满意度：87.2
迭代：541，类型：定向，适应值：(6399.9748,)，车辆：12，距离：1799.987，满意度：87.2
迭代：542，类型：定向，适应值：(6399.9748,)，车辆：12，距离：1799.987，满意度：87.2
迭代：543，类型：定向，适应值：(6399.9748,)，车辆：12，距离：1799.987，满意度：87.2
迭代：544，类型：定向，适应值：(6399.9748,)，车辆：12，距离：1799.987，满意度：87.2
迭代：545，类型：定向，适应值：(6399.9748,)，车辆：12，距离：1799.987，满意度：87.2
迭代：546，类型：定向，适应值：(6399.9748,)，车辆：12，距离：1799.987，满意度：87.2
迭代：547，类型：定向，适应值：(6399.9748,)，车辆：12，距离：1799.987，满意度：87.2
迭代：548，类型：定向，适应值：(6399.9748,)，车辆：12，距离：1799.987，满意度：87.2
迭代：549，类型：定向，适应值：(6399.9748,)，车辆：12，距离：1799.987，满意度：87.2
迭代：550，类型：定向，适应值：(6399.9748,)，车辆：12，距离：1799.987，满意度：87.2
迭代：551，类型：定向，适应值：(6399.9748,)，车辆：12，距离：1799.987，满意度：87.2
迭代：552，类型：定向，适应值：(6399.9748,)，车辆：12，距离：1799.987，满意度：87.2
迭代：553，类型：定向，适应值：(6399.9748,)，车辆：12，距离：1799.987，满意度：87.2
迭代：554，类型：定向，适应值：(6399.9748,)，车辆：12，距离：1799.987，满意度：87.2
迭代：555，类型：定向，适应值：(6399.9748,)，车辆：12，距离：1799.987，满意度：87.2
迭代：556，类型：定向，适应值：(6399.9748,)，车辆：12，距离：1799.987，满意度：87.2
迭代：557，类型：定向，适应值：(6399.9748,)，车辆：12，距离：1799.987，满意度：87.2
迭代：558，类型：定向，适应值：(6399.9748,)，车辆：12，距离：1799.987，满意度：87.2
迭代：559，类型：定向，适应值：(6399.9748,)，车辆：12，距离：1799.987，满意度：87.2
迭代：560，类型：定向，适应值：(6399.9748,)，车辆：12，距离：1799.987，满意度：87.2
迭代：561，类型：定向，适应值：(6399.9748,)，车辆：12，距离：1799.987，满意度：87.2
迭代：562，类型：定向，适应值：(6399.9748,)，车辆：12，距离：1799.987，满意度：87.2
迭代：563，类型：定向，适应值：(6399.9748,)，车辆：12，距离：1799.987，满意度：87.2
迭代：564，类型：定向，适应值：(6399.9748,)，车辆：12，距离：1799.987，满意度：87.2
迭代：565，类型：定向，适应值：(6399.9748,)，车辆：12，距离：1799.987，满意度：87.2
迭代：566，类型：定向，适应值：(6399.9748,)，车辆：12，距离：1799.987，满意度：87.2
迭代：567，类型：定向，适应值：(6399.9748,)，车辆：12，距离：1799.987，满意度：87.2
迭代：568，类型：定向，适应值：(6399.9748,)，车辆：12，距离：1799.987，满意度：87.2
迭代：569，类型：定向，适应值：(6399.9748,)，车辆：12，距离：1799.987，满意度：87.2
迭代：570，类型：定向，适应值：(6399.9748,)，车辆：12，距离：1799.987，满意度：87.2
迭代：571，类型：定向，适应值：(6399.9748,)，车辆：12，距离：1799.987，满意度：87.2
迭代：572，类型：定向，适应值：(6399.9748,)，车辆：12，距离：1799.987，满意度：87.2
迭代：573，类型：定向，适应值：(6399.9748,)，车辆：12，距离：1799.987，满意度：87.2
迭代：574，类型：定向，适应值：(6399.9748,)，车辆：12，距离：1799.987，满意度：87.2
迭代：575，类型：定向，适应值：(6399.9748,)，车辆：12，距离：1799.987，满意度：87.2
迭代：576，类型：定向，适应值：(6399.9748,)，车辆：12，距离：1799.987，满意度：87.2
迭代：577，类型：定向，适应值：(6399.9748,)，车辆：12，距离：1799.987，满意度：87.2
迭代：578，类型：定向，适应值：(6399.9748,)，车辆：12，距离：1799.987，满意度：87.2
迭代：579，类型：定向，适应值：(6399.9748,)，车辆：12，距离：1799.987，满意度：87.2
迭代：580，类型：定向，适应值：(6399.9748,)，车辆：12，距离：1799.987，满意度：87.2
迭代：581，类型：定向，适应值：(6399.9748,)，车辆：12，距离：1799.987，满意度：87.2
迭代：582，类型：定向，适应值：(6399.9748,)，车辆：12，距离：1799.987，满意度：87.2
迭代：583，类型：定向，适应值：(6399.9748,)，车辆：12，距离：1799.987，满意度：87.2
迭代：584，类型：定向，适应值：(6399.9748,)，车辆：12，距离：1799.987，满意度：87.2
迭代：585，类型：定向，适应值：(6399.9748,)，车辆：12，距离：1799.987，满意度：87.2
迭代：586，类型：定向，适应值：(6399.9748,)，车辆：12，距离：1799.987，满意度：87.2
迭代：587，类型：定向，适应值：(6399.9748,)，车辆：12，距离：1799.987，满意度：87.2
迭代：588，类型：定向，适应值：(6399.9748,)，车辆：12，距离：1799.987，满意度：87.2
迭代：589，类型：定向，适应值：(6399.9748,)，车辆：12，距离：1799.987，满意度：87.2
迭代：590，类型：定向，适应值：(6399.9748,)，车辆：12，距离：1799.987，满意度：87.2
迭代：591，类型：定向，适应值：(6399.9748,)，车辆：12，距离：1799.987，满意度：87.2
迭代：592，类型：定向，适应值：(6399.9748,)，车辆：12，距离：1799.987，满意度：87.2
迭代：593，类型：定向，适应值：(6399.9748,)，车辆：12，距离：1799.987，满意度：87.2
迭代：594，类型：定向，适应值：(6399.9748,)，车辆：12，距离：1799.987，满意度：87.2
迭代：595，类型：定向，适应值：(6399.9748,)，车辆：12，距离：1799.987，满意度：87.2
迭代：596，类型：定向，适应值：(6399.9748,)，车辆：12，距离：1799.987，满意度：87.2
迭代：597，类型：定向，适应值：(6399.9748,)，车辆：12，距离：1799.987，满意度：87.2
迭代：598，类型：定向，适应值：(6399.9748,)，车辆：12，距离：1799.987，满意度：87.2
迭代：599，类型：定向，适应值：(6399.9748,)，车辆：12，距离：1799.987，满意度：87.2
迭代：600，类型：定向，适应值：(6399.9748,)，车辆：12，距离：1799.987，满意度：87.2
迭代：601，类型：定向，适应值：(6399.9748,)，车辆：12，距离：1799.987，满意度：87.2
迭代：602，类型：定向，适应值：(6399.9748,)，车辆：12，距离：1799.987，满意度：87.2
迭代：603，类型：定向，适应值：(6399.9748,)，车辆：12，距离：1799.987，满意度：87.2
迭代：604，类型：定向，适应值：(6399.9748,)，车辆：12，距离：1799.987，满意度：87.2
迭代：605，类型：定向，适应值：(6399.9748,)，车辆：12，距离：1799.987，满意度：87.2
迭代：606，类型：定向，适应值：(6399.9748,)，车辆：12，距离：1799.987，满意度：87.2
迭代：607，类型：定向，适应值：(6399.9748,)，车辆：12，距离：1799.987，满意度：87.2
迭代：608，类型：定向，适应值：(6399.9748,)，车辆：12，距离：1799.987，满意度：87.2
迭代：609，类型：定向，适应值：(6399.9748,)，车辆：12，距离：1799.987，满意度：87.2
迭代：610，类型：定向，适应值：(6399.9748,)，车辆：12，距离：1799.987，满意度：87.2
迭代：611，类型：定向，适应值：(6399.9748,)，车辆：12，距离：1799.987，满意度：87.2
迭代：612，类型：定向，适应值：(6399.9748,)，车辆：12，距离：1799.987，满意度：87.2
迭代：613，类型：定向，适应值：(6399.9748,)，车辆：12，距离：1799.987，满意度：87.2
迭代：614，类型：定向，适应值：(6399.9748,)，车辆：12，距离：1799.987，满意度：87.2
迭代：615，类型：定向，适应值：(6399.9748,)，车辆：12，距离：1799.987，满意度：87.2
迭代：616，类型：定向，适应值：(6399.9748,)，车辆：12，距离：1799.987，满意度：87.2
迭代：617，类型：定向，适应值：(6399.9748,)，车辆：12，距离：1799.987，满意度：87.2
迭代：618，类型：定向，适应值：(6399.9748,)，车辆：12，距离：1799.987，满意度：87.2
迭代：619，类型：定向，适应值：(6399.9748,)，车辆：12，距离：1799.987，满意度：87.2
迭代：620，类型：定向，适应值：(6399.9748,)，车辆：12，距离：1799.987，满意度：87.2
迭代：621，类型：定向，适应值：(6399.9748,)，车辆：12，距离：1799.987，满意度：87.2
迭代：622，类型：定向，适应值：(6399.9748,)，车辆：12，距离：1799.987，满意度：87.2
迭代：623，类型：定向，适应值：(6399.9748,)，车辆：12，距离：1799.987，满意度：87.2
迭代：624，类型：定向，适应值：(6399.9748,)，车辆：12，距离：1799.987，满意度：87.2
迭代：625，类型：定向，适应值：(6399.9748,)，车辆：12，距离：1799.987，满意度：87.2
迭代：626，类型：定向，适应值：(6399.9748,)，车辆：12，距离：1799.987，满意度：87.2
迭代：627，类型：定向，适应值：(6399.9748,)，车辆：12，距离：1799.987，满意度：87.2
迭代：628，类型：定向，适应值：(6399.9748,)，车辆：12，距离：1799.987，满意度：87.2
迭代：629，类型：定向，适应值：(6399.9748,)，车辆：12，距离：1799.987，满意度：87.2
迭代：630，类型：定向，适应值：(6399.9748,)，车辆：12，距离：1799.987，满意度：87.2
迭代：631，类型：定向，适应值：(6399.9748,)，车辆：12，距离：1799.987，满意度：87.2
迭代：632，类型：定向，适应值：(6399.9748,)，车辆：12，距离：1799.987，满意度：87.2
迭代：633，类型：定向，适应值：(6399.9748,)，车辆：12，距离：1799.987，满意度：87.2
迭代：634，类型：定向，适应值：(6399.9748,)，车辆：12，距离：1799.987，满意度：87.2
迭代：635，类型：定向，适应值：(6399.9748,)，车辆：12，距离：1799.987，满意度：87.2
迭代：636，类型：定向，适应值：(6399.9748,)，车辆：12，距离：1799.987，满意度：87.2
迭代：637，类型：定向，适应值：(6399.9748,)，车辆：12，距离：1799.987，满意度：87.2
迭代：638，类型：定向，适应值：(6399.9748,)，车辆：12，距离：1799.987，满意度：87.2
迭代：639，类型：定向，适应值：(6399.9748,)，车辆：12，距离：1799.987，满意度：87.2
迭代：640，类型：定向，适应值：(6399.9748,)，车辆：12，距离：1799.987，满意度：87.2
迭代：641，类型：定向，适应值：(6399.9748,)，车辆：12，距离：1799.987，满意度：87.2
迭代：642，类型：定向，适应值：(6399.9748,)，车辆：12，距离：1799.987，满意度：87.2
迭代：643，类型：定向，适应值：(6399.9748,)，车辆：12，距离：1799.987，满意度：87.2
迭代：644，类型：定向，适应值：(6399.9748,)，车辆：12，距离：1799.987，满意度：87.2
迭代：645，类型：定向，适应值：(6399.9748,)，车辆：12，距离：1799.987，满意度：87.2
迭代：646，类型：定向，适应值：(6399.9748,)，车辆：12，距离：1799.987，满意度：87.2
迭代：647，类型：定向，适应值：(6399.9748,)，车辆：12，距离：1799.987，满意度：87.2
迭代：648，类型：定向，适应值：(6399.9748,)，车辆：12，距离：1799.987，满意度：87.2
迭代：649，类型：定向，适应值：(6399.9748,)，车辆：12，距离：1799.987，满意度：87.2
迭代：650，类型：定向，适应值：(6399.9748,)，车辆：12，距离：1799.987，满意度：87.2
迭代：651，类型：定向，适应值：(6399.9748,)，车辆：12，距离：1799.987，满意度：87.2
迭代：652，类型：定向，适应值：(6399.9748,)，车辆：12，距离：1799.987，满意度：87.2
迭代：653，类型：定向，适应值：(6399.9748,)，车辆：12，距离：1799.987，满意度：87.2
迭代：654，类型：定向，适应值：(6399.9748,)，车辆：12，距离：1799.987，满意度：87.2
迭代：655，类型：定向，适应值：(6399.9748,)，车辆：12，距离：1799.987，满意度：87.2
迭代：656，类型：定向，适应值：(6399.9748,)，车辆：12，距离：1799.987，满意度：87.2
迭代：657，类型：定向，适应值：(6399.9748,)，车辆：12，距离：1799.987，满意度：87.2
迭代：658，类型：定向，适应值：(6399.9748,)，车辆：12，距离：1799.987，满意度：87.2
迭代：659，类型：定向，适应值：(6399.9748,)，车辆：12，距离：1799.987，满意度：87.2
迭代：660，类型：定向，适应值：(6399.9748,)，车辆：12，距离：1799.987，满意度：87.2
迭代：661，类型：定向，适应值：(6399.9748,)，车辆：12，距离：1799.987，满意度：87.2
迭代：662，类型：定向，适应值：(6399.9748,)，车辆：12，距离：1799.987，满意度：87.2
迭代：663，类型：定向，适应值：(6399.9748,)，车辆：12，距离：1799.987，满意度：87.2
迭代：664，类型：定向，适应值：(6399.9748,)，车辆：12，距离：1799.987，满意度：87.2
迭代：665，类型：定向，适应值：(6399.9748,)，车辆：12，距离：1799.987，满意度：87.2
迭代：666，类型：定向，适应值：(6399.9748,)，车辆：12，距离：1799.987，满意度：87.2
迭代：667，类型：定向，适应值：(6399.9748,)，车辆：12，距离：1799.987，满意度：87.2
迭代：668，类型：定向，适应值：(6399.9748,)，车辆：12，距离：1799.987，满意度：87.2
迭代：669，类型：定向，适应值：(6399.9748,)，车辆：12，距离：1799.987，满意度：87.2
迭代：670，类型：定向，适应值：(6399.9748,)，车辆：12，距离：1799.987，满意度：87.2
迭代：671，类型：定向，适应值：(6399.9748,)，车辆：12，距离：1799.987，满意度：87.2
迭代：672，类型：定向，适应值：(6399.9748,)，车辆：12，距离：1799.987，满意度：87.2
迭代：673，类型：定向，适应值：(6399.9748,)，车辆：12，距离：1799.987，满意度：87.2
迭代：674，类型：定向，适应值：(6399.9748,)，车辆：12，距离：1799.987，满意度：87.2
迭代：675，类型：定向，适应值：(6399.9748,)，车辆：12，距离：1799.987，满意度：87.2
迭代：676，类型：定向，适应值：(6399.9748,)，车辆：12，距离：1799.987，满意度：87.2
迭代：677，类型：定向，适应值：(6399.9748,)，车辆：12，距离：1799.987，满意度：87.2
迭代：678，类型：定向，适应值：(6399.9748,)，车辆：12，距离：1799.987，满意度：87.2
迭代：679，类型：定向，适应值：(6399.9748,)，车辆：12，距离：1799.987，满意度：87.2
迭代：680，类型：定向，适应值：(6399.9748,)，车辆：12，距离：1799.987，满意度：87.2
迭代：681，类型：定向，适应值：(6399.9748,)，车辆：12，距离：1799.987，满意度：87.2
迭代：682，类型：定向，适应值：(6399.9748,)，车辆：12，距离：1799.987，满意度：87.2
迭代：683，类型：定向，适应值：(6399.9748,)，车辆：12，距离：1799.987，满意度：87.2
迭代：684，类型：定向，适应值：(6399.9748,)，车辆：12，距离：1799.987，满意度：87.2
迭代：685，类型：定向，适应值：(6399.9748,)，车辆：12，距离：1799.987，满意度：87.2
迭代：686，类型：定向，适应值：(6399.9748,)，车辆：12，距离：1799.987，满意度：87.2
迭代：687，类型：定向，适应值：(6399.9748,)，车辆：12，距离：1799.987，满意度：87.2
迭代：688，类型：定向，适应值：(6399.9748,)，车辆：12，距离：1799.987，满意度：87.2
迭代：689，类型：定向，适应值：(6399.9748,)，车辆：12，距离：1799.987，满意度：87.2
迭代：690，类型：定向，适应值：(6399.9748,)，车辆：12，距离：1799.987，满意度：87.2
迭代：691，类型：定向，适应值：(6399.9748,)，车辆：12，距离：1799.987，满意度：87.2
迭代：692，类型：定向，适应值：(6399.9748,)，车辆：12，距离：1799.987，满意度：87.2
迭代：693，类型：定向，适应值：(6399.9748,)，车辆：12，距离：1799.987，满意度：87.2
迭代：694，类型：定向，适应值：(6399.9748,)，车辆：12，距离：1799.987，满意度：87.2
迭代：695，类型：定向，适应值：(6399.9748,)，车辆：12，距离：1799.987，满意度：87.2
迭代：696，类型：定向，适应值：(6399.9748,)，车辆：12，距离：1799.987，满意度：87.2
迭代：697，类型：定向，适应值：(6399.9748,)，车辆：12，距离：1799.987，满意度：87.2
迭代：698，类型：定向，适应值：(6399.9748,)，车辆：12，距离：1799.987，满意度：87.2
迭代：699，类型：定向，适应值：(6399.9748,)，车辆：12，距离：1799.987，满意度：87.2
迭代：700，类型：定向，适应值：(6399.9748,)，车辆：12，距离：1799.987，满意度：87.2
迭代：701，类型：定向，适应值：(6399.9748,)，车辆：12，距离：1799.987，满意度：87.2
迭代：702，类型：定向，适应值：(6399.9748,)，车辆：12，距离：1799.987，满意度：87.2
迭代：703，类型：定向，适应值：(6399.9748,)，车辆：12，距离：1799.987，满意度：87.2
迭代：704，类型：定向，适应值：(6399.9748,)，车辆：12，距离：1799.987，满意度：87.2
迭代：705，类型：定向，适应值：(6399.9748,)，车辆：12，距离：1799.987，满意度：87.2
迭代：706，类型：定向，适应值：(6399.9748,)，车辆：12，距离：1799.987，满意度：87.2
迭代：707，类型：定向，适应值：(6399.9748,)，车辆：12，距离：1799.987，满意度：87.2
迭代：708，类型：定向，适应值：(6399.9748,)，车辆：12，距离：1799.987，满意度：87.2
迭代：709，类型：定向，适应值：(6399.9748,)，车辆：12，距离：1799.987，满意度：87.2
迭代：710，类型：定向，适应值：(6399.9748,)，车辆：12，距离：1799.987，满意度：87.2
迭代：711，类型：定向，适应值：(6399.9748,)，车辆：12，距离：1799.987，满意度：87.2
迭代：712，类型：定向，适应值：(6399.9748,)，车辆：12，距离：1799.987，满意度：87.2
迭代：713，类型：定向，适应值：(6399.9748,)，车辆：12，距离：1799.987，满意度：87.2
迭代：714，类型：定向，适应值：(6399.9748,)，车辆：12，距离：1799.987，满意度：87.2
迭代：715，类型：定向，适应值：(6399.9748,)，车辆：12，距离：1799.987，满意度：87.2
迭代：716，类型：定向，适应值：(6399.9748,)，车辆：12，距离：1799.987，满意度：87.2
迭代：717，类型：定向，适应值：(6399.9748,)，车辆：12，距离：1799.987，满意度：87.2
迭代：718，类型：定向，适应值：(6399.9748,)，车辆：12，距离：1799.987，满意度：87.2
迭代：719，类型：定向，适应值：(6399.9748,)，车辆：12，距离：1799.987，满意度：87.2
迭代：720，类型：定向，适应值：(6399.9748,)，车辆：12，距离：1799.987，满意度：87.2
迭代：721，类型：定向，适应值：(6399.9748,)，车辆：12，距离：1799.987，满意度：87.2
迭代：722，类型：定向，适应值：(6399.9748,)，车辆：12，距离：1799.987，满意度：87.2
迭代：723，类型：定向，适应值：(6387.3928,)，车辆：12，距离：1793.696，满意度：87.2
迭代：724，类型：定向，适应值：(6387.3928,)，车辆：12，距离：1793.696，满意度：87.2
迭代：725，类型：定向，适应值：(6387.3928,)，车辆：12，距离：1793.696，满意度：87.2
迭代：726，类型：定向，适应值：(6387.3928,)，车辆：12，距离：1793.696，满意度：87.2
迭代：727，类型：定向，适应值：(6387.3928,)，车辆：12，距离：1793.696，满意度：87.2
迭代：728，类型：定向，适应值：(6387.3928,)，车辆：12，距离：1793.696，满意度：87.2
迭代：729，类型：定向，适应值：(6387.3928,)，车辆：12，距离：1793.696，满意度：87.2
迭代：730，类型：定向，适应值：(6387.3928,)，车辆：12，距离：1793.696，满意度：87.2
迭代：731，类型：定向，适应值：(6387.3928,)，车辆：12，距离：1793.696，满意度：87.2
迭代：732，类型：定向，适应值：(6387.3928,)，车辆：12，距离：1793.696，满意度：87.2
迭代：733，类型：定向，适应值：(6387.3928,)，车辆：12，距离：1793.696，满意度：87.2
迭代：734，类型：定向，适应值：(6387.3928,)，车辆：12，距离：1793.696，满意度：87.2
迭代：735，类型：定向，适应值：(6387.3928,)，车辆：12，距离：1793.696，满意度：87.2
迭代：736，类型：定向，适应值：(6387.3928,)，车辆：12，距离：1793.696，满意度：87.2
迭代：737，类型：定向，适应值：(6387.3928,)，车辆：12，距离：1793.696，满意度：87.2
迭代：738，类型：定向，适应值：(6387.3928,)，车辆：12，距离：1793.696，满意度：87.2
迭代：739，类型：定向，适应值：(6387.3928,)，车辆：12，距离：1793.696，满意度：87.2
迭代：740，类型：定向，适应值：(6387.3928,)，车辆：12，距离：1793.696，满意度：87.2
迭代：741，类型：定向，适应值：(6387.3928,)，车辆：12，距离：1793.696，满意度：87.2
迭代：742，类型：定向，适应值：(6387.3928,)，车辆：12，距离：1793.696，满意度：87.2
迭代：743，类型：定向，适应值：(6387.3928,)，车辆：12，距离：1793.696，满意度：87.2
迭代：744，类型：定向，适应值：(6387.3928,)，车辆：12，距离：1793.696，满意度：87.2
迭代：745，类型：定向，适应值：(6387.3928,)，车辆：12，距离：1793.696，满意度：87.2
迭代：746，类型：定向，适应值：(6387.3928,)，车辆：12，距离：1793.696，满意度：87.2
迭代：747，类型：定向，适应值：(6387.3928,)，车辆：12，距离：1793.696，满意度：87.2
迭代：748，类型：定向，适应值：(6387.3928,)，车辆：12，距离：1793.696，满意度：87.2
迭代：749，类型：定向，适应值：(6387.3928,)，车辆：12，距离：1793.696，满意度：87.2
迭代：750，类型：定向，适应值：(6387.3928,)，车辆：12，距离：1793.696，满意度：87.2
迭代：751，类型：定向，适应值：(6387.3928,)，车辆：12，距离：1793.696，满意度：87.2
迭代：752，类型：定向，适应值：(6387.3928,)，车辆：12，距离：1793.696，满意度：87.2
迭代：753，类型：定向，适应值：(6387.3928,)，车辆：12，距离：1793.696，满意度：87.2
迭代：754，类型：定向，适应值：(6387.3928,)，车辆：12，距离：1793.696，满意度：87.2
迭代：755，类型：定向，适应值：(6380.7871,)，车辆：12，距离：1797.394，满意度：87.27
迭代：756，类型：定向，适应值：(6380.7871,)，车辆：12，距离：1797.394，满意度：87.27
迭代：757，类型：定向，适应值：(6380.7871,)，车辆：12，距离：1797.394，满意度：87.27
迭代：758，类型：定向，适应值：(6380.7871,)，车辆：12，距离：1797.394，满意度：87.27
迭代：759，类型：定向，适应值：(6380.7871,)，车辆：12，距离：1797.394，满意度：87.27
迭代：760，类型：定向，适应值：(6380.7871,)，车辆：12，距离：1797.394，满意度：87.27
迭代：761，类型：定向，适应值：(6380.7871,)，车辆：12，距离：1797.394，满意度：87.27
迭代：762，类型：定向，适应值：(6380.7871,)，车辆：12，距离：1797.394，满意度：87.27
迭代：763，类型：定向，适应值：(6380.7871,)，车辆：12，距离：1797.394，满意度：87.27
迭代：764，类型：定向，适应值：(6380.7871,)，车辆：12，距离：1797.394，满意度：87.27
迭代：765，类型：定向，适应值：(6380.7871,)，车辆：12，距离：1797.394，满意度：87.27
迭代：766，类型：定向，适应值：(6380.7871,)，车辆：12，距离：1797.394，满意度：87.27
迭代：767，类型：定向，适应值：(6380.7871,)，车辆：12，距离：1797.394，满意度：87.27
迭代：768，类型：定向，适应值：(6380.7871,)，车辆：12，距离：1797.394，满意度：87.27
迭代：769，类型：定向，适应值：(6380.7871,)，车辆：12，距离：1797.394，满意度：87.27
迭代：770，类型：定向，适应值：(6380.7871,)，车辆：12，距离：1797.394，满意度：87.27
迭代：771，类型：定向，适应值：(6380.7871,)，车辆：12，距离：1797.394，满意度：87.27
迭代：772，类型：定向，适应值：(6380.7871,)，车辆：12，距离：1797.394，满意度：87.27
迭代：773，类型：定向，适应值：(6380.7871,)，车辆：12，距离：1797.394，满意度：87.27
迭代：774，类型：定向，适应值：(6380.7871,)，车辆：12，距离：1797.394，满意度：87.27
迭代：775，类型：定向，适应值：(6380.7871,)，车辆：12，距离：1797.394，满意度：87.27
迭代：776，类型：定向，适应值：(6380.7871,)，车辆：12，距离：1797.394，满意度：87.27
迭代：777，类型：定向，适应值：(6380.7871,)，车辆：12，距离：1797.394，满意度：87.27
迭代：778，类型：定向，适应值：(6380.7871,)，车辆：12，距离：1797.394，满意度：87.27
迭代：779，类型：定向，适应值：(6380.7871,)，车辆：12，距离：1797.394，满意度：87.27
迭代：780，类型：定向，适应值：(6380.7871,)，车辆：12，距离：1797.394，满意度：87.27
迭代：781，类型：定向，适应值：(6380.7871,)，车辆：12，距离：1797.394，满意度：87.27
迭代：782，类型：定向，适应值：(6380.7871,)，车辆：12，距离：1797.394，满意度：87.27
迭代：783，类型：定向，适应值：(6380.7871,)，车辆：12，距离：1797.394，满意度：87.27
迭代：784，类型：定向，适应值：(6380.7871,)，车辆：12，距离：1797.394，满意度：87.27
迭代：785，类型：定向，适应值：(6380.7871,)，车辆：12，距离：1797.394，满意度：87.27
迭代：786，类型：定向，适应值：(6380.7871,)，车辆：12，距离：1797.394，满意度：87.27
迭代：787，类型：定向，适应值：(6380.7871,)，车辆：12，距离：1797.394，满意度：87.27
迭代：788，类型：定向，适应值：(6380.7871,)，车辆：12，距离：1797.394，满意度：87.27
迭代：789，类型：定向，适应值：(6380.7871,)，车辆：12，距离：1797.394，满意度：87.27
迭代：790，类型：定向，适应值：(6380.7871,)，车辆：12，距离：1797.394，满意度：87.27
迭代：791，类型：定向，适应值：(6380.7871,)，车辆：12，距离：1797.394，满意度：87.27
迭代：792，类型：定向，适应值：(6380.7871,)，车辆：12，距离：1797.394，满意度：87.27
迭代：793，类型：定向，适应值：(6380.7871,)，车辆：12，距离：1797.394，满意度：87.27
迭代：794，类型：定向，适应值：(6380.7871,)，车辆：12，距离：1797.394，满意度：87.27
迭代：795，类型：定向，适应值：(6380.7871,)，车辆：12，距离：1797.394，满意度：87.27
迭代：796，类型：定向，适应值：(6380.7871,)，车辆：12，距离：1797.394，满意度：87.27
迭代：797，类型：定向，适应值：(6380.7871,)，车辆：12，距离：1797.394，满意度：87.27
迭代：798，类型：定向，适应值：(6380.7871,)，车辆：12，距离：1797.394，满意度：87.27
迭代：799，类型：定向，适应值：(6380.7871,)，车辆：12，距离：1797.394，满意度：87.27
迭代：800，类型：定向，适应值：(6380.7871,)，车辆：12，距离：1797.394，满意度：87.27
迭代：801，类型：定向，适应值：(6380.7871,)，车辆：12，距离：1797.394，满意度：87.27
迭代：802，类型：定向，适应值：(6380.7871,)，车辆：12，距离：1797.394，满意度：87.27
迭代：803，类型：定向，适应值：(6380.7871,)，车辆：12，距离：1797.394，满意度：87.27
迭代：804，类型：定向，适应值：(6380.7871,)，车辆：12，距离：1797.394，满意度：87.27
迭代：805，类型：定向，适应值：(6380.7871,)，车辆：12，距离：1797.394，满意度：87.27
迭代：806，类型：定向，适应值：(6380.7871,)，车辆：12，距离：1797.394，满意度：87.27
迭代：807，类型：定向，适应值：(6380.7871,)，车辆：12，距离：1797.394，满意度：87.27
迭代：808，类型：定向，适应值：(6380.7871,)，车辆：12，距离：1797.394，满意度：87.27
迭代：809，类型：定向，适应值：(6380.7871,)，车辆：12，距离：1797.394，满意度：87.27
迭代：810，类型：定向，适应值：(6380.7871,)，车辆：12，距离：1797.394，满意度：87.27
迭代：811，类型：定向，适应值：(6380.7871,)，车辆：12，距离：1797.394，满意度：87.27
迭代：812，类型：定向，适应值：(6380.7871,)，车辆：12，距离：1797.394，满意度：87.27
迭代：813，类型：定向，适应值：(6380.7871,)，车辆：12，距离：1797.394，满意度：87.27
迭代：814，类型：定向，适应值：(6380.7871,)，车辆：12，距离：1797.394，满意度：87.27
迭代：815，类型：定向，适应值：(6380.7871,)，车辆：12，距离：1797.394，满意度：87.27
迭代：816，类型：定向，适应值：(6380.7871,)，车辆：12，距离：1797.394，满意度：87.27
迭代：817，类型：定向，适应值：(6380.7871,)，车辆：12，距离：1797.394，满意度：87.27
迭代：818，类型：定向，适应值：(6380.7871,)，车辆：12，距离：1797.394，满意度：87.27
迭代：819，类型：定向，适应值：(6380.7871,)，车辆：12，距离：1797.394，满意度：87.27
迭代：820，类型：定向，适应值：(6380.7871,)，车辆：12，距离：1797.394，满意度：87.27
迭代：821，类型：定向，适应值：(6380.7871,)，车辆：12，距离：1797.394，满意度：87.27
迭代：822，类型：定向，适应值：(6380.7871,)，车辆：12，距离：1797.394，满意度：87.27
迭代：823，类型：定向，适应值：(6380.7871,)，车辆：12，距离：1797.394，满意度：87.27
迭代：824，类型：定向，适应值：(6380.7871,)，车辆：12，距离：1797.394，满意度：87.27
迭代：825，类型：定向，适应值：(6380.7871,)，车辆：12，距离：1797.394，满意度：87.27
迭代：826，类型：定向，适应值：(6380.7871,)，车辆：12，距离：1797.394，满意度：87.27
迭代：827，类型：定向，适应值：(6380.7871,)，车辆：12，距离：1797.394，满意度：87.27
迭代：828，类型：定向，适应值：(6380.7871,)，车辆：12，距离：1797.394，满意度：87.27
迭代：829，类型：定向，适应值：(6380.7871,)，车辆：12，距离：1797.394，满意度：87.27
迭代：830，类型：定向，适应值：(6380.7871,)，车辆：12，距离：1797.394，满意度：87.27
迭代：831，类型：定向，适应值：(6380.7871,)，车辆：12，距离：1797.394，满意度：87.27
迭代：832，类型：定向，适应值：(6380.7871,)，车辆：12，距离：1797.394，满意度：87.27
迭代：833，类型：定向，适应值：(6380.7871,)，车辆：12，距离：1797.394，满意度：87.27
迭代：834，类型：定向，适应值：(6380.7871,)，车辆：12，距离：1797.394，满意度：87.27
迭代：835，类型：定向，适应值：(6380.7871,)，车辆：12，距离：1797.394，满意度：87.27
迭代：836，类型：定向，适应值：(6380.7871,)，车辆：12，距离：1797.394，满意度：87.27
迭代：837，类型：定向，适应值：(6380.7871,)，车辆：12，距离：1797.394，满意度：87.27
迭代：838，类型：定向，适应值：(6380.7871,)，车辆：12，距离：1797.394，满意度：87.27
迭代：839，类型：定向，适应值：(6380.7871,)，车辆：12，距离：1797.394，满意度：87.27
迭代：840，类型：定向，适应值：(6380.7871,)，车辆：12，距离：1797.394，满意度：87.27
迭代：841，类型：定向，适应值：(6380.7871,)，车辆：12，距离：1797.394，满意度：87.27
迭代：842，类型：定向，适应值：(6380.7871,)，车辆：12，距离：1797.394，满意度：87.27
迭代：843，类型：定向，适应值：(6380.7871,)，车辆：12，距离：1797.394，满意度：87.27
迭代：844，类型：定向，适应值：(6380.7871,)，车辆：12，距离：1797.394，满意度：87.27
迭代：845，类型：定向，适应值：(6380.7871,)，车辆：12，距离：1797.394，满意度：87.27
迭代：846，类型：定向，适应值：(6380.7871,)，车辆：12，距离：1797.394，满意度：87.27
迭代：847，类型：定向，适应值：(6380.7871,)，车辆：12，距离：1797.394，满意度：87.27
迭代：848，类型：定向，适应值：(6380.7871,)，车辆：12，距离：1797.394，满意度：87.27
迭代：849，类型：定向，适应值：(6380.7871,)，车辆：12，距离：1797.394，满意度：87.27
迭代：850，类型：定向，适应值：(6380.7871,)，车辆：12，距离：1797.394，满意度：87.27
迭代：851，类型：定向，适应值：(6380.7871,)，车辆：12，距离：1797.394，满意度：87.27
迭代：852，类型：定向，适应值：(6380.7871,)，车辆：12，距离：1797.394，满意度：87.27
迭代：853，类型：定向，适应值：(6380.7871,)，车辆：12，距离：1797.394，满意度：87.27
迭代：854，类型：定向，适应值：(6380.7871,)，车辆：12，距离：1797.394，满意度：87.27
迭代：855，类型：定向，适应值：(6380.7871,)，车辆：12，距离：1797.394，满意度：87.27
迭代：856，类型：定向，适应值：(6380.7871,)，车辆：12，距离：1797.394，满意度：87.27
迭代：857，类型：定向，适应值：(6380.7871,)，车辆：12，距离：1797.394，满意度：87.27
迭代：858，类型：定向，适应值：(6380.7871,)，车辆：12，距离：1797.394，满意度：87.27
迭代：859，类型：定向，适应值：(6380.7871,)，车辆：12，距离：1797.394，满意度：87.27
迭代：860，类型：定向，适应值：(6380.7871,)，车辆：12，距离：1797.394，满意度：87.27
迭代：861，类型：定向，适应值：(6380.7871,)，车辆：12，距离：1797.394，满意度：87.27
迭代：862，类型：定向，适应值：(6380.7871,)，车辆：12，距离：1797.394，满意度：87.27
迭代：863，类型：定向，适应值：(6380.7871,)，车辆：12，距离：1797.394，满意度：87.27
迭代：864，类型：定向，适应值：(6380.7871,)，车辆：12，距离：1797.394，满意度：87.27
迭代：865，类型：定向，适应值：(6380.7871,)，车辆：12，距离：1797.394，满意度：87.27
迭代：866，类型：定向，适应值：(6380.7871,)，车辆：12，距离：1797.394，满意度：87.27
迭代：867，类型：定向，适应值：(6380.7871,)，车辆：12，距离：1797.394，满意度：87.27
迭代：868，类型：定向，适应值：(6380.7871,)，车辆：12，距离：1797.394，满意度：87.27
迭代：869，类型：定向，适应值：(6380.7871,)，车辆：12，距离：1797.394，满意度：87.27
迭代：870，类型：定向，适应值：(6380.7871,)，车辆：12，距离：1797.394，满意度：87.27
迭代：871，类型：定向，适应值：(6380.7871,)，车辆：12，距离：1797.394，满意度：87.27
迭代：872，类型：定向，适应值：(6380.7871,)，车辆：12，距离：1797.394，满意度：87.27
迭代：873，类型：定向，适应值：(6380.7871,)，车辆：12，距离：1797.394，满意度：87.27
迭代：874，类型：定向，适应值：(6380.7871,)，车辆：12，距离：1797.394，满意度：87.27
迭代：875，类型：定向，适应值：(6380.7871,)，车辆：12，距离：1797.394，满意度：87.27
迭代：876，类型：定向，适应值：(6380.7871,)，车辆：12，距离：1797.394，满意度：87.27
迭代：877，类型：定向，适应值：(6380.7871,)，车辆：12，距离：1797.394，满意度：87.27
迭代：878，类型：定向，适应值：(6380.7871,)，车辆：12，距离：1797.394，满意度：87.27
迭代：879，类型：定向，适应值：(6380.7871,)，车辆：12，距离：1797.394，满意度：87.27
迭代：880，类型：定向，适应值：(6380.7871,)，车辆：12，距离：1797.394，满意度：87.27
迭代：881，类型：定向，适应值：(6380.7871,)，车辆：12，距离：1797.394，满意度：87.27
迭代：882，类型：定向，适应值：(6380.7871,)，车辆：12，距离：1797.394，满意度：87.27
迭代：883，类型：定向，适应值：(6380.7871,)，车辆：12，距离：1797.394，满意度：87.27
迭代：884，类型：定向，适应值：(6380.7871,)，车辆：12，距离：1797.394，满意度：87.27
迭代：885，类型：定向，适应值：(6380.7871,)，车辆：12，距离：1797.394，满意度：87.27
迭代：886，类型：定向，适应值：(6380.7871,)，车辆：12，距离：1797.394，满意度：87.27
迭代：887，类型：定向，适应值：(6380.7871,)，车辆：12，距离：1797.394，满意度：87.27
迭代：888，类型：定向，适应值：(6380.7871,)，车辆：12，距离：1797.394，满意度：87.27
迭代：889，类型：定向，适应值：(6380.7871,)，车辆：12，距离：1797.394，满意度：87.27
迭代：890，类型：定向，适应值：(6380.7871,)，车辆：12，距离：1797.394，满意度：87.27
迭代：891，类型：定向，适应值：(6380.7871,)，车辆：12，距离：1797.394，满意度：87.27
迭代：892，类型：定向，适应值：(6380.7871,)，车辆：12，距离：1797.394，满意度：87.27
迭代：893，类型：定向，适应值：(6380.7871,)，车辆：12，距离：1797.394，满意度：87.27
迭代：894，类型：定向，适应值：(6380.7871,)，车辆：12，距离：1797.394，满意度：87.27
迭代：895，类型：定向，适应值：(6380.7871,)，车辆：12，距离：1797.394，满意度：87.27
迭代：896，类型：定向，适应值：(6380.7871,)，车辆：12，距离：1797.394，满意度：87.27
迭代：897，类型：定向，适应值：(6380.7871,)，车辆：12，距离：1797.394，满意度：87.27
迭代：898，类型：定向，适应值：(6380.7871,)，车辆：12，距离：1797.394，满意度：87.27
迭代：899，类型：定向，适应值：(6380.7871,)，车辆：12，距离：1797.394，满意度：87.27
迭代：900，类型：定向，适应值：(6380.7871,)，车辆：12，距离：1797.394，满意度：87.27
迭代：901，类型：定向，适应值：(6380.7871,)，车辆：12，距离：1797.394，满意度：87.27
迭代：902，类型：定向，适应值：(6380.7871,)，车辆：12，距离：1797.394，满意度：87.27
迭代：903，类型：定向，适应值：(6380.7871,)，车辆：12，距离：1797.394，满意度：87.27
迭代：904，类型：定向，适应值：(6380.7871,)，车辆：12，距离：1797.394，满意度：87.27
迭代：905，类型：定向，适应值：(6380.7871,)，车辆：12，距离：1797.394，满意度：87.27
迭代：906，类型：定向，适应值：(6380.7871,)，车辆：12，距离：1797.394，满意度：87.27
迭代：907，类型：定向，适应值：(6380.7871,)，车辆：12，距离：1797.394，满意度：87.27
迭代：908，类型：定向，适应值：(6380.7871,)，车辆：12，距离：1797.394，满意度：87.27
迭代：909，类型：定向，适应值：(6380.7871,)，车辆：12，距离：1797.394，满意度：87.27
迭代：910，类型：定向，适应值：(6380.7871,)，车辆：12，距离：1797.394，满意度：87.27
迭代：911，类型：定向，适应值：(6380.7871,)，车辆：12，距离：1797.394，满意度：87.27
迭代：912，类型：定向，适应值：(6380.7871,)，车辆：12，距离：1797.394，满意度：87.27
迭代：913，类型：定向，适应值：(6380.7871,)，车辆：12，距离：1797.394，满意度：87.27
迭代：914，类型：定向，适应值：(6380.7871,)，车辆：12，距离：1797.394，满意度：87.27
迭代：915，类型：定向，适应值：(6380.7871,)，车辆：12，距离：1797.394，满意度：87.27
迭代：916，类型：定向，适应值：(6380.7871,)，车辆：12，距离：1797.394，满意度：87.27
迭代：917，类型：定向，适应值：(6380.7871,)，车辆：12，距离：1797.394，满意度：87.27
迭代：918，类型：定向，适应值：(6380.7871,)，车辆：12，距离：1797.394，满意度：87.27
迭代：919，类型：定向，适应值：(6380.7871,)，车辆：12，距离：1797.394，满意度：87.27
迭代：920，类型：定向，适应值：(6380.7871,)，车辆：12，距离：1797.394，满意度：87.27
迭代：921，类型：定向，适应值：(6380.7871,)，车辆：12，距离：1797.394，满意度：87.27
迭代：922，类型：定向，适应值：(6380.7871,)，车辆：12，距离：1797.394，满意度：87.27
迭代：923，类型：定向，适应值：(6380.7871,)，车辆：12，距离：1797.394，满意度：87.27
迭代：924，类型：定向，适应值：(6380.7871,)，车辆：12，距离：1797.394，满意度：87.27
迭代：925，类型：定向，适应值：(6380.7871,)，车辆：12，距离：1797.394，满意度：87.27
迭代：926，类型：定向，适应值：(6380.7871,)，车辆：12，距离：1797.394，满意度：87.27
迭代：927，类型：定向，适应值：(6380.7871,)，车辆：12，距离：1797.394，满意度：87.27
迭代：928，类型：定向，适应值：(6380.7871,)，车辆：12，距离：1797.394，满意度：87.27
迭代：929，类型：定向，适应值：(6380.7871,)，车辆：12，距离：1797.394，满意度：87.27
迭代：930，类型：定向，适应值：(6380.7871,)，车辆：12，距离：1797.394，满意度：87.27
迭代：931，类型：定向，适应值：(6380.7871,)，车辆：12，距离：1797.394，满意度：87.27
迭代：932，类型：定向，适应值：(6380.7871,)，车辆：12，距离：1797.394，满意度：87.27
迭代：933，类型：定向，适应值：(6380.7871,)，车辆：12，距离：1797.394，满意度：87.27
迭代：934，类型：定向，适应值：(6380.7871,)，车辆：12，距离：1797.394，满意度：87.27
迭代：935，类型：定向，适应值：(6380.7871,)，车辆：12，距离：1797.394，满意度：87.27
迭代：936，类型：定向，适应值：(6380.7871,)，车辆：12，距离：1797.394，满意度：87.27
迭代：937，类型：定向，适应值：(6380.7871,)，车辆：12，距离：1797.394，满意度：87.27
迭代：938，类型：定向，适应值：(6380.7871,)，车辆：12，距离：1797.394，满意度：87.27
迭代：939，类型：定向，适应值：(6380.7871,)，车辆：12，距离：1797.394，满意度：87.27
迭代：940，类型：定向，适应值：(6380.7871,)，车辆：12，距离：1797.394，满意度：87.27
迭代：941，类型：定向，适应值：(6380.7871,)，车辆：12，距离：1797.394，满意度：87.27
迭代：942，类型：定向，适应值：(6380.7871,)，车辆：12，距离：1797.394，满意度：87.27
迭代：943，类型：定向，适应值：(6380.7871,)，车辆：12，距离：1797.394，满意度：87.27
迭代：944，类型：定向，适应值：(6380.7871,)，车辆：12，距离：1797.394，满意度：87.27
迭代：945，类型：定向，适应值：(6380.7871,)，车辆：12，距离：1797.394，满意度：87.27
迭代：946，类型：定向，适应值：(6380.7871,)，车辆：12，距离：1797.394，满意度：87.27
迭代：947，类型：定向，适应值：(6380.7871,)，车辆：12，距离：1797.394，满意度：87.27
迭代：948，类型：定向，适应值：(6380.7871,)，车辆：12，距离：1797.394，满意度：87.27
迭代：949，类型：定向，适应值：(6380.7871,)，车辆：12，距离：1797.394，满意度：87.27
迭代：950，类型：定向，适应值：(6380.7871,)，车辆：12，距离：1797.394，满意度：87.27
迭代：951，类型：定向，适应值：(6380.7871,)，车辆：12，距离：1797.394，满意度：87.27
迭代：952，类型：定向，适应值：(6380.7871,)，车辆：12，距离：1797.394，满意度：87.27
迭代：953，类型：定向，适应值：(6380.7871,)，车辆：12，距离：1797.394，满意度：87.27
迭代：954，类型：定向，适应值：(6380.7871,)，车辆：12，距离：1797.394，满意度：87.27
迭代：955，类型：定向，适应值：(6380.7871,)，车辆：12，距离：1797.394，满意度：87.27
迭代：956，类型：定向，适应值：(6380.7871,)，车辆：12，距离：1797.394，满意度：87.27
迭代：957，类型：定向，适应值：(6380.7871,)，车辆：12，距离：1797.394，满意度：87.27
迭代：958，类型：定向，适应值：(6380.7871,)，车辆：12，距离：1797.394，满意度：87.27
迭代：959，类型：定向，适应值：(6380.7871,)，车辆：12，距离：1797.394，满意度：87.27
迭代：960，类型：定向，适应值：(6380.7871,)，车辆：12，距离：1797.394，满意度：87.27
迭代：961，类型：定向，适应值：(6380.7871,)，车辆：12，距离：1797.394，满意度：87.27
迭代：962，类型：定向，适应值：(6380.7871,)，车辆：12，距离：1797.394，满意度：87.27
迭代：963，类型：定向，适应值：(6380.7871,)，车辆：12，距离：1797.394，满意度：87.27
迭代：964，类型：定向，适应值：(6380.7871,)，车辆：12，距离：1797.394，满意度：87.27
迭代：965，类型：定向，适应值：(6380.7871,)，车辆：12，距离：1797.394，满意度：87.27
迭代：966，类型：定向，适应值：(6380.7871,)，车辆：12，距离：1797.394，满意度：87.27
迭代：967，类型：定向，适应值：(6380.7871,)，车辆：12，距离：1797.394，满意度：87.27
迭代：968，类型：定向，适应值：(6380.7871,)，车辆：12，距离：1797.394，满意度：87.27
迭代：969，类型：定向，适应值：(6380.7871,)，车辆：12，距离：1797.394，满意度：87.27
迭代：970，类型：定向，适应值：(6380.7871,)，车辆：12，距离：1797.394，满意度：87.27
迭代：971，类型：定向，适应值：(6380.7871,)，车辆：12，距离：1797.394，满意度：87.27
迭代：972，类型：定向，适应值：(6380.7871,)，车辆：12，距离：1797.394，满意度：87.27
迭代：973，类型：定向，适应值：(6380.7871,)，车辆：12，距离：1797.394，满意度：87.27
迭代：974，类型：定向，适应值：(6380.7871,)，车辆：12，距离：1797.394，满意度：87.27
迭代：975，类型：定向，适应值：(6380.7871,)，车辆：12，距离：1797.394，满意度：87.27
迭代：976，类型：定向，适应值：(6380.7871,)，车辆：12，距离：1797.394，满意度：87.27
迭代：977，类型：定向，适应值：(6380.7871,)，车辆：12，距离：1797.394，满意度：87.27
迭代：978，类型：定向，适应值：(6380.7871,)，车辆：12，距离：1797.394，满意度：87.27
迭代：979，类型：定向，适应值：(6380.7871,)，车辆：12，距离：1797.394，满意度：87.27
迭代：980，类型：定向，适应值：(6380.7871,)，车辆：12，距离：1797.394，满意度：87.27
迭代：981，类型：定向，适应值：(6380.7871,)，车辆：12，距离：1797.394，满意度：87.27
迭代：982，类型：定向，适应值：(6380.7871,)，车辆：12，距离：1797.394，满意度：87.27
迭代：983，类型：定向，适应值：(6380.7871,)，车辆：12，距离：1797.394，满意度：87.27
迭代：984，类型：定向，适应值：(6380.7871,)，车辆：12，距离：1797.394，满意度：87.27
迭代：985，类型：定向，适应值：(6380.7871,)，车辆：12，距离：1797.394，满意度：87.27
迭代：986，类型：定向，适应值：(6380.7871,)，车辆：12，距离：1797.394，满意度：87.27
迭代：987，类型：定向，适应值：(6380.7871,)，车辆：12，距离：1797.394，满意度：87.27
迭代：988，类型：定向，适应值：(6380.7871,)，车辆：12，距离：1797.394，满意度：87.27
迭代：989，类型：定向，适应值：(6380.7871,)，车辆：12，距离：1797.394，满意度：87.27
迭代：990，类型：定向，适应值：(6380.7871,)，车辆：12，距离：1797.394，满意度：87.27
迭代：991，类型：定向，适应值：(6380.7871,)，车辆：12，距离：1797.394，满意度：87.27
迭代：992，类型：定向，适应值：(6380.7871,)，车辆：12，距离：1797.394，满意度：87.27
迭代：993，类型：定向，适应值：(6380.7871,)，车辆：12，距离：1797.394，满意度：87.27
迭代：994，类型：定向，适应值：(6380.7871,)，车辆：12，距离：1797.394，满意度：87.27
迭代：995，类型：定向，适应值：(6380.7871,)，车辆：12，距离：1797.394，满意度：87.27
迭代：996，类型：定向，适应值：(6380.7871,)，车辆：12，距离：1797.394，满意度：87.27
迭代：997，类型：定向，适应值：(6380.7871,)，车辆：12，距离：1797.394，满意度：87.27
迭代：998，类型：定向，适应值：(6380.7871,)，车辆：12，距离：1797.394，满意度：87.27
迭代：999，类型：定向，适应值：(6380.7871,)，车辆：12，距离：1797.394，满意度：87.27
迭代：1000，类型：定向，适应值：(6380.7871,)，车辆：12，距离：1797.394，满意度：87.27